[debug] [2026-09-29T16:51:30.623Z] ----------------------------------------------------------------------
[debug] [2026-09-29T16:51:30.625Z] Command:       /Users/leonardoribeiro/.nvm/versions/node/v22.21.1/bin/node /Users/leonardoribeiro/.nvm/versions/node/v22.21.1/bin/firebase deploy --project blu-app-camara --only functions:publicOuvidoriaLookup
[debug] [2026-09-29T16:51:30.625Z] CLI Version:   15.9.1
[debug] [2026-09-29T16:51:30.625Z] Platform:      darwin
[debug] [2026-09-29T16:51:30.625Z] Node Version:  v22.21.1
[debug] [2026-09-29T16:51:30.626Z] Time:          Tue Sep 29 2026 13:51:30 GMT-0300 (Brasilia Standard Time)
[debug] [2026-09-29T16:51:30.626Z] ----------------------------------------------------------------------
[debug] 
[debug] [2026-09-29T16:51:31.859Z] Field "/storage" in "firebase.json" is possibly invalid: must be object
[debug] [2026-09-29T16:51:31.859Z] Object "/storage/0" in "firebase.json" is missing required property: {"missingProperty":"bucket"}
[debug] [2026-09-29T16:51:31.859Z] Field "/storage" in "firebase.json" is possibly invalid: must match a schema in anyOf
[debug] [2026-09-29T16:51:31.861Z] > command requires scopes: ["email","openid","https://www.googleapis.com/auth/cloudplatformprojects.readonly","https://www.googleapis.com/auth/firebase","https://www.googleapis.com/auth/cloud-platform"]
[debug] [2026-09-29T16:51:31.861Z] > authorizing via signed-in user (blutecnologiasbr@gmail.com)
[debug] [2026-09-29T16:51:31.861Z] [iam] checking project blu-app-camara for permissions ["cloudfunctions.functions.create","cloudfunctions.functions.delete","cloudfunctions.functions.get","cloudfunctions.functions.list","cloudfunctions.functions.update","cloudfunctions.operations.get","firebase.projects.get"]
[debug] [2026-09-29T16:51:31.862Z] Checked if tokens are valid: false, expires at: 1790701202011
[debug] [2026-09-29T16:51:31.862Z] Checked if tokens are valid: false, expires at: 1790701202011
[debug] [2026-09-29T16:51:31.862Z] > refreshing access token with scopes: []
[debug] [2026-09-29T16:51:31.863Z] >>> [apiv2][query] POST https://www.googleapis.com/oauth2/v3/token [none]
[debug] [2026-09-29T16:51:31.863Z] >>> [apiv2][body] POST https://www.googleapis.com/oauth2/v3/token [omitted]
[debug] [2026-09-29T16:51:32.235Z] <<< [apiv2][status] POST https://www.googleapis.com/oauth2/v3/token 200
[debug] [2026-09-29T16:51:32.235Z] <<< [apiv2][body] POST https://www.googleapis.com/oauth2/v3/token [omitted]
[debug] [2026-09-29T16:51:32.264Z] >>> [apiv2][query] POST https://cloudresourcemanager.googleapis.com/v1/projects/blu-app-camara:testIamPermissions [none]
[debug] [2026-09-29T16:51:32.265Z] >>> [apiv2][(partial)header] POST https://cloudresourcemanager.googleapis.com/v1/projects/blu-app-camara:testIamPermissions  x-goog-user-project=blu-app-camara
[debug] [2026-09-29T16:51:32.265Z] >>> [apiv2][body] POST https://cloudresourcemanager.googleapis.com/v1/projects/blu-app-camara:testIamPermissions {"permissions":["cloudfunctions.functions.create","cloudfunctions.functions.delete","cloudfunctions.functions.get","cloudfunctions.functions.list","cloudfunctions.functions.update","cloudfunctions.operations.get","firebase.projects.get"]}
[debug] [2026-09-29T16:51:33.272Z] <<< [apiv2][status] POST https://cloudresourcemanager.googleapis.com/v1/projects/blu-app-camara:testIamPermissions 200
[debug] [2026-09-29T16:51:33.272Z] <<< [apiv2][body] POST https://cloudresourcemanager.googleapis.com/v1/projects/blu-app-camara:testIamPermissions {"permissions":["cloudfunctions.functions.create","cloudfunctions.functions.delete","cloudfunctions.functions.get","cloudfunctions.functions.list","cloudfunctions.functions.update","cloudfunctions.operations.get","firebase.projects.get"]}
[debug] [2026-09-29T16:51:33.272Z] Checked if tokens are valid: true, expires at: 1790704291236
[debug] [2026-09-29T16:51:33.272Z] Checked if tokens are valid: true, expires at: 1790704291236
[debug] [2026-09-29T16:51:33.272Z] >>> [apiv2][query] POST https://iam.googleapis.com/v1/projects/blu-app-camara/serviceAccounts/blu-app-camara@appspot.gserviceaccount.com:testIamPermissions [none]
[debug] [2026-09-29T16:51:33.272Z] >>> [apiv2][body] POST https://iam.googleapis.com/v1/projects/blu-app-camara/serviceAccounts/blu-app-camara@appspot.gserviceaccount.com:testIamPermissions {"permissions":["iam.serviceAccounts.actAs"]}
[debug] [2026-09-29T16:51:34.372Z] <<< [apiv2][status] POST https://iam.googleapis.com/v1/projects/blu-app-camara/serviceAccounts/blu-app-camara@appspot.gserviceaccount.com:testIamPermissions 200
[debug] [2026-09-29T16:51:34.372Z] <<< [apiv2][body] POST https://iam.googleapis.com/v1/projects/blu-app-camara/serviceAccounts/blu-app-camara@appspot.gserviceaccount.com:testIamPermissions {"permissions":["iam.serviceAccounts.actAs"]}
[info] 
[info] === Deploying to 'blu-app-camara'...
[info] 
[info] i  deploying functions 
[info] Running command: npm --prefix "$RESOURCE_DIR" run lint
[info] ✔  functions: Finished running predeploy script. 
[debug] [2026-09-29T16:51:37.626Z] Checked if tokens are valid: true, expires at: 1790704291236
[debug] [2026-09-29T16:51:37.626Z] Checked if tokens are valid: true, expires at: 1790704291236
[debug] [2026-09-29T16:51:37.626Z] >>> [apiv2][query] GET https://cloudresourcemanager.googleapis.com/v1/projects/blu-app-camara [none]
[debug] [2026-09-29T16:51:37.890Z] <<< [apiv2][status] GET https://cloudresourcemanager.googleapis.com/v1/projects/blu-app-camara 200
[debug] [2026-09-29T16:51:37.890Z] <<< [apiv2][body] GET https://cloudresourcemanager.googleapis.com/v1/projects/blu-app-camara {"projectNumber":"1070248841383","projectId":"blu-app-camara","lifecycleState":"ACTIVE","name":"blu-app-camara","labels":{"firebase":"enabled","firebase-core":"disabled"},"createTime":"2026-03-10T15:40:34.801998Z"}
[info] i  functions: preparing codebase default for deployment 
[info] i  functions: ensuring required API cloudfunctions.googleapis.com is enabled... 
[info] i  functions: ensuring required API cloudbuild.googleapis.com is enabled... 
[info] i  artifactregistry: ensuring required API artifactregistry.googleapis.com is enabled... 
[debug] [2026-09-29T16:51:37.893Z] Checked if tokens are valid: true, expires at: 1790704291236
[debug] [2026-09-29T16:51:37.893Z] Checked if tokens are valid: true, expires at: 1790704291236
[debug] [2026-09-29T16:51:37.894Z] >>> [apiv2][query] GET https://firebase.googleapis.com/v1beta1/projects/blu-app-camara/adminSdkConfig [none]
[debug] [2026-09-29T16:51:38.561Z] <<< [apiv2][status] GET https://firebase.googleapis.com/v1beta1/projects/blu-app-camara/adminSdkConfig 200
[debug] [2026-09-29T16:51:38.562Z] <<< [apiv2][body] GET https://firebase.googleapis.com/v1beta1/projects/blu-app-camara/adminSdkConfig {"projectId":"blu-app-camara","databaseURL":"https://blu-app-camara-default-rtdb.firebaseio.com","storageBucket":"blu-app-camara.firebasestorage.app"}
[debug] [2026-09-29T16:51:38.564Z] Validating nodejs source
[warn] ⚠  functions: package.json indicates an outdated version of firebase-functions. Please upgrade using npm install --save firebase-functions@latest in your functions directory. 
[debug] [2026-09-29T16:51:39.313Z] > [functions] package.json contents: {
  "name": "functions",
  "description": "Cloud Functions for Firebase",
  "private": true,
  "main": "index.js",
  "engines": {
    "node": "22"
  },
  "scripts": {
    "lint": "eslint .",
    "lint:fix": "eslint . --fix",
    "serve": "firebase emulators:start --only functions",
    "shell": "firebase functions:shell",
    "start": "npm run shell",
    "deploy": "firebase deploy --only functions",
    "deploy:safe-youtube-support": "firebase deploy --only functions:invokeYoutubeFunction,functions:notifyNewsNow,functions:getYoutubeOAuthUrl,functions:updateYoutubeRefreshToken",
    "deploy:neutralize-youtube-support-schedules": "firebase deploy --only functions:atualizarPlaylistYoutubeAutomatico,functions:renovarWebhookYoutubeAutomatico,functions:verificarVideosTvCamaraAutomatico",
    "logs": "firebase functions:log"
  },
  "dependencies": {
    "@google-cloud/logging": "^11.2.0",
    "@google-cloud/secret-manager": "^6.2.0",
    "firebase-admin": "^13.7.0",
    "firebase-functions": "^7.1.1"
  },
  "devDependencies": {
    "eslint": "^8.57.0",
    "eslint-config-google": "^0.14.0"
  }
}
[debug] [2026-09-29T16:51:39.313Z] Building nodejs source
[info] i  functions: Loading and analyzing source code for codebase default to determine what to deploy 
[debug] [2026-09-29T16:51:39.315Z] Could not find functions.yaml. Must use http discovery
[debug] [2026-09-29T16:51:39.322Z] Found firebase-functions binary at '/Users/leonardoribeiro/Documents/BluTecnologias/Developer/BluPortalServicosCamaras/functions/node_modules/.bin/firebase-functions'
[info] Serving at port 8762

[debug] [2026-09-29T16:51:40.339Z] Got response from /__/functions.yaml {"endpoints":{"createConferenceForRemoteSession":{"availableMemoryMb":null,"timeoutSeconds":null,"minInstances":null,"maxInstances":null,"ingressSettings":null,"concurrency":null,"serviceAccountEmail":null,"vpc":null,"platform":"gcfv2","labels":{},"eventTrigger":{"eventType":"google.cloud.firestore.document.v1.created","eventFilters":{"database":"(default)","namespace":"(default)"},"eventFilterPathPatterns":{"document":"legislativo_sessoes/{sessionId}"},"retry":false},"entryPoint":"createConferenceForRemoteSession"},"createConferenceForRemoteCommissionMeeting":{"availableMemoryMb":null,"timeoutSeconds":null,"minInstances":null,"maxInstances":null,"ingressSettings":null,"concurrency":null,"serviceAccountEmail":null,"vpc":null,"platform":"gcfv2","labels":{},"eventTrigger":{"eventType":"google.cloud.firestore.document.v1.created","eventFilters":{"database":"(default)","namespace":"(default)"},"eventFilterPathPatterns":{"document":"legislativo_reunioes_comissao/{meetingId}"},"retry":false},"entryPoint":"createConferenceForRemoteCommissionMeeting"},"createVideoConference":{"availableMemoryMb":null,"timeoutSeconds":null,"minInstances":null,"maxInstances":null,"ingressSettings":null,"concurrency":null,"serviceAccountEmail":null,"vpc":null,"platform":"gcfv2","secretEnvironmentVariables":[{"key":"JITSI_JWT_SECRET"}],"labels":{},"callableTrigger":{},"entryPoint":"createVideoConference"},"getVideoConferenceJoinToken":{"availableMemoryMb":null,"timeoutSeconds":null,"minInstances":null,"maxInstances":null,"ingressSettings":null,"concurrency":null,"serviceAccountEmail":null,"vpc":null,"platform":"gcfv2","secretEnvironmentVariables":[{"key":"JITSI_JWT_SECRET"}],"labels":{},"callableTrigger":{},"entryPoint":"getVideoConferenceJoinToken"},"changeVideoConferenceStatus":{"availableMemoryMb":null,"timeoutSeconds":null,"minInstances":null,"maxInstances":null,"ingressSettings":null,"concurrency":null,"serviceAccountEmail":null,"vpc":null,"platform":"gcfv2","labels":{},"callableTrigger":{},"entryPoint":"changeVideoConferenceStatus"},"administrativeCommand":{"availableMemoryMb":null,"timeoutSeconds":null,"minInstances":null,"maxInstances":null,"ingressSettings":null,"concurrency":null,"serviceAccountEmail":null,"vpc":null,"platform":"gcfv2","labels":{},"callableTrigger":{},"entryPoint":"administrativeCommand"},"administrativeDailyAlerts":{"availableMemoryMb":null,"timeoutSeconds":null,"minInstances":null,"maxInstances":null,"ingressSettings":null,"concurrency":null,"serviceAccountEmail":null,"vpc":null,"platform":"gcfv2","labels":{},"scheduleTrigger":{"schedule":"every day 08:00","retryConfig":{},"timeZone":"America/Fortaleza"},"entryPoint":"administrativeDailyAlerts"},"publicOuvidoriaLookup":{"availableMemoryMb":null,"timeoutSeconds":null,"minInstances":null,"maxInstances":10,"ingressSettings":null,"concurrency":null,"serviceAccountEmail":null,"vpc":null,"platform":"gcfv2","labels":{},"callableTrigger":{},"entryPoint":"publicOuvidoriaLookup"},"saveWhatsAppCredentials":{"availableMemoryMb":null,"timeoutSeconds":null,"minInstances":null,"maxInstances":null,"ingressSettings":null,"concurrency":null,"serviceAccountEmail":null,"vpc":null,"platform":"gcfv2","labels":{},"callableTrigger":{},"entryPoint":"saveWhatsAppCredentials"},"startTvCamaraTranscription":{"availableMemoryMb":null,"timeoutSeconds":null,"minInstances":null,"maxInstances":null,"ingressSettings":null,"concurrency":null,"serviceAccountEmail":null,"vpc":null,"platform":"gcfv2","labels":{},"callableTrigger":{},"entryPoint":"startTvCamaraTranscription"},"processTvCamaraTranscription":{"availableMemoryMb":1024,"timeoutSeconds":540,"minInstances":null,"maxInstances":null,"ingressSettings":null,"concurrency":null,"serviceAccountEmail":null,"vpc":null,"platform":"gcfv2","region":["us-central1"],"secretEnvironmentVariables":[{"key":"YOUTUBE_CLIENT_ID"},{"key":"YOUTUBE_CLIENT_SECRET"}],"labels":{},"eventTrigger":{"eventType":"google.cloud.firestore.document.v1.created","eventFilters":{"database":"(default)","namespace":"(default)"},"eventFilterPathPatterns":{"document":"tv-camara-transcriptions/{jobId}"},"retry":false},"entryPoint":"processTvCamaraTranscription"},"buscarUsuarioParaGabinete":{"availableMemoryMb":null,"timeoutSeconds":null,"minInstances":null,"maxInstances":null,"ingressSettings":null,"concurrency":null,"serviceAccountEmail":null,"vpc":null,"platform":"gcfv2","labels":{},"callableTrigger":{},"entryPoint":"buscarUsuarioParaGabinete"},"notificarNovaDemandaGabineteFirestore":{"availableMemoryMb":null,"timeoutSeconds":null,"minInstances":null,"maxInstances":null,"ingressSettings":null,"concurrency":null,"serviceAccountEmail":null,"vpc":null,"platform":"gcfv2","labels":{},"eventTrigger":{"eventType":"google.cloud.firestore.document.v1.created","eventFilters":{"database":"(default)","namespace":"(default)"},"eventFilterPathPatterns":{"document":"solicitacoes-vereadores/{requestId}"},"retry":false},"entryPoint":"notificarNovaDemandaGabineteFirestore"},"notificarAtualizacaoDemandaVereador":{"availableMemoryMb":null,"timeoutSeconds":null,"minInstances":null,"maxInstances":null,"ingressSettings":null,"concurrency":null,"serviceAccountEmail":null,"vpc":null,"platform":"gcfv2","labels":{},"eventTrigger":{"eventType":"google.cloud.firestore.document.v1.updated","eventFilters":{"database":"(default)","namespace":"(default)"},"eventFilterPathPatterns":{"document":"solicitacoes-vereadores/{requestId}"},"retry":false},"entryPoint":"notificarAtualizacaoDemandaVereador"},"notificarAgendaDosGabinetes":{"availableMemoryMb":null,"timeoutSeconds":null,"minInstances":null,"maxInstances":null,"ingressSettings":null,"concurrency":null,"serviceAccountEmail":null,"vpc":null,"platform":"gcfv2","labels":{},"scheduleTrigger":{"schedule":"every 30 minutes","retryConfig":{},"timeZone":"America/Fortaleza"},"entryPoint":"notificarAgendaDosGabinetes"},"getAdminAuthUserCount":{"availableMemoryMb":null,"timeoutSeconds":null,"minInstances":null,"maxInstances":null,"ingressSettings":null,"concurrency":null,"serviceAccountEmail":null,"vpc":null,"platform":"gcfv2","labels":{},"httpsTrigger":{},"entryPoint":"getAdminAuthUserCount"},"sendMailOnNewRequest":{"availableMemoryMb":null,"timeoutSeconds":null,"minInstances":null,"maxInstances":null,"ingressSettings":null,"concurrency":null,"serviceAccountEmail":null,"vpc":null,"platform":"gcfv2","labels":{},"eventTrigger":{"eventType":"google.cloud.firestore.document.v1.created","eventFilters":{"database":"(default)","namespace":"(default)"},"eventFilterPathPatterns":{"document":"mail/{mailId}"},"retry":false},"entryPoint":"sendMailOnNewRequest"},"linkReceptionRequestsOnUserCreated":{"availableMemoryMb":null,"timeoutSeconds":null,"minInstances":null,"maxInstances":null,"ingressSettings":null,"concurrency":null,"serviceAccountEmail":null,"vpc":null,"platform":"gcfv2","labels":{},"eventTrigger":{"eventType":"google.cloud.firestore.document.v1.created","eventFilters":{"database":"(default)","namespace":"(default)"},"eventFilterPathPatterns":{"document":"users/{userId}"},"retry":false},"entryPoint":"linkReceptionRequestsOnUserCreated"},"generateNews":{"availableMemoryMb":null,"timeoutSeconds":null,"minInstances":null,"maxInstances":null,"ingressSettings":null,"concurrency":null,"serviceAccountEmail":null,"vpc":null,"platform":"gcfv2","labels":{},"httpsTrigger":{},"entryPoint":"generateNews"},"listarVideosTvCamaraFallback":{"availableMemoryMb":null,"timeoutSeconds":300,"minInstances":null,"maxInstances":null,"ingressSettings":null,"concurrency":null,"serviceAccountEmail":null,"vpc":null,"platform":"gcfv2","secretEnvironmentVariables":[{"key":"YOUTUBE_CLIENT_ID"},{"key":"YOUTUBE_CLIENT_SECRET"}],"labels":{},"httpsTrigger":{},"entryPoint":"listarVideosTvCamaraFallback"},"getBalcaoPublicBalance":{"availableMemoryMb":null,"timeoutSeconds":null,"minInstances":null,"maxInstances":null,"ingressSettings":null,"concurrency":null,"serviceAccountEmail":null,"vpc":null,"platform":"gcfv2","labels":{},"httpsTrigger":{},"entryPoint":"getBalcaoPublicBalance"},"notificarAgendamentosDoDia":{"availableMemoryMb":null,"timeoutSeconds":null,"minInstances":null,"maxInstances":null,"ingressSettings":null,"concurrency":null,"serviceAccountEmail":null,"vpc":null,"platform":"gcfv2","labels":{},"scheduleTrigger":{"schedule":"0 7 * * *","retryConfig":{},"timeZone":"America/Fortaleza"},"entryPoint":"notificarAgendamentosDoDia"},"notificarAniversariantesDoDia":{"availableMemoryMb":null,"timeoutSeconds":null,"minInstances":null,"maxInstances":null,"ingressSettings":null,"concurrency":null,"serviceAccountEmail":null,"vpc":null,"platform":"gcfv2","labels":{},"scheduleTrigger":{"schedule":"0 0 * * *","retryConfig":{},"timeZone":"America/Fortaleza"},"entryPoint":"notificarAniversariantesDoDia"},"liberarAgendamentosBalcaoNaoComparecidos":{"availableMemoryMb":null,"timeoutSeconds":null,"minInstances":null,"maxInstances":null,"ingressSettings":null,"concurrency":null,"serviceAccountEmail":null,"vpc":null,"platform":"gcfv2","cpu":"gcf_gen1","region":["southamerica-east1"],"labels":{},"scheduleTrigger":{"schedule":"55 23 * * *","retryConfig":{},"timeZone":"America/Fortaleza"},"entryPoint":"liberarAgendamentosBalcaoNaoComparecidos"},"notifyUsersOnNewsPublished":{"availableMemoryMb":null,"timeoutSeconds":null,"minInstances":null,"maxInstances":null,"ingressSettings":null,"concurrency":null,"serviceAccountEmail":null,"vpc":null,"platform":"gcfv2","labels":{},"eventTrigger":{"eventType":"google.cloud.firestore.document.v1.written","eventFilters":{"database":"(default)","namespace":"(default)"},"eventFilterPathPatterns":{"document":"noticias/{noticiaId}"},"retry":false},"entryPoint":"notifyUsersOnNewsPublished"},"notifyBalcaoServiceEvaluation":{"availableMemoryMb":null,"timeoutSeconds":null,"minInstances":null,"maxInstances":null,"ingressSettings":null,"concurrency":null,"serviceAccountEmail":null,"vpc":null,"platform":"gcfv2","labels":{},"eventTrigger":{"eventType":"google.cloud.firestore.document.v1.written","eventFilters":{"database":"(default)","namespace":"(default)"},"eventFilterPathPatterns":{"document":"balcao-cidadao/{solicitacaoId}"},"retry":false},"entryPoint":"notifyBalcaoServiceEvaluation"},"notificarDocumentoProntoBalcao":{"availableMemoryMb":null,"timeoutSeconds":null,"minInstances":null,"maxInstances":null,"ingressSettings":null,"concurrency":null,"serviceAccountEmail":null,"vpc":null,"platform":"gcfv2","cpu":"gcf_gen1","region":["southamerica-east1"],"labels":{},"eventTrigger":{"eventType":"google.cloud.firestore.document.v1.written","eventFilters":{"database":"(default)","namespace":"(default)"},"eventFilterPathPatterns":{"document":"balcao-cidadao/{solicitacaoId}"},"retry":false},"entryPoint":"notificarDocumentoProntoBalcao"},"notificarCidadaoChamadoNoGuiche":{"availableMemoryMb":null,"timeoutSeconds":null,"minInstances":null,"maxInstances":null,"ingressSettings":null,"concurrency":null,"serviceAccountEmail":null,"vpc":null,"platform":"gcfv2","labels":{},"eventTrigger":{"eventType":"google.cloud.firestore.document.v1.written","eventFilters":{"database":"(default)","namespace":"(default)"},"eventFilterPathPatterns":{"document":"atendimento-fila/{ticketId}"},"retry":false},"entryPoint":"notificarCidadaoChamadoNoGuiche"},"notifyNewsNow":{"availableMemoryMb":null,"timeoutSeconds":null,"minInstances":null,"maxInstances":null,"ingressSettings":null,"concurrency":null,"serviceAccountEmail":null,"vpc":null,"platform":"gcfv2","labels":{},"httpsTrigger":{},"entryPoint":"notifyNewsNow"},"getYoutubeOAuthUrl":{"availableMemoryMb":null,"timeoutSeconds":null,"minInstances":null,"maxInstances":null,"ingressSettings":null,"concurrency":null,"serviceAccountEmail":null,"vpc":null,"platform":"gcfv2","secretEnvironmentVariables":[{"key":"YOUTUBE_CLIENT_ID"}],"labels":{},"httpsTrigger":{},"entryPoint":"getYoutubeOAuthUrl"},"updateYoutubeRefreshToken":{"availableMemoryMb":null,"timeoutSeconds":null,"minInstances":null,"maxInstances":null,"ingressSettings":null,"concurrency":null,"serviceAccountEmail":null,"vpc":null,"platform":"gcfv2","secretEnvironmentVariables":[{"key":"YOUTUBE_CLIENT_ID"},{"key":"YOUTUBE_CLIENT_SECRET"}],"labels":{},"httpsTrigger":{},"entryPoint":"updateYoutubeRefreshToken"},"invokeYoutubeFunction":{"availableMemoryMb":null,"timeoutSeconds":null,"minInstances":null,"maxInstances":null,"ingressSettings":null,"concurrency":null,"serviceAccountEmail":null,"vpc":null,"platform":"gcfv2","labels":{},"httpsTrigger":{},"entryPoint":"invokeYoutubeFunction"},"syncYoutubeFunctionLogs":{"availableMemoryMb":null,"timeoutSeconds":null,"minInstances":null,"maxInstances":null,"ingressSettings":null,"concurrency":null,"serviceAccountEmail":null,"vpc":null,"platform":"gcfv2","labels":{},"httpsTrigger":{},"entryPoint":"syncYoutubeFunctionLogs"},"atualizarPlaylistYoutubeAutomatico":{"availableMemoryMb":null,"timeoutSeconds":null,"minInstances":null,"maxInstances":null,"ingressSettings":null,"concurrency":null,"serviceAccountEmail":null,"vpc":null,"platform":"gcfv2","labels":{},"scheduleTrigger":{"schedule":"every 30 minutes","retryConfig":{},"timeZone":"America/Fortaleza"},"entryPoint":"atualizarPlaylistYoutubeAutomatico"},"renovarWebhookYoutubeAutomatico":{"availableMemoryMb":null,"timeoutSeconds":null,"minInstances":null,"maxInstances":null,"ingressSettings":null,"concurrency":null,"serviceAccountEmail":null,"vpc":null,"platform":"gcfv2","labels":{},"scheduleTrigger":{"schedule":"every 24 hours","retryConfig":{},"timeZone":"America/Fortaleza"},"entryPoint":"renovarWebhookYoutubeAutomatico"},"verificarVideosTvCamaraAutomatico":{"availableMemoryMb":null,"timeoutSeconds":null,"minInstances":null,"maxInstances":null,"ingressSettings":null,"concurrency":null,"serviceAccountEmail":null,"vpc":null,"platform":"gcfv2","labels":{},"scheduleTrigger":{"schedule":"every 15 minutes","retryConfig":{},"timeZone":"America/Fortaleza"},"entryPoint":"verificarVideosTvCamaraAutomatico"},"concluirDocumentosProntosBalcao":{"availableMemoryMb":null,"timeoutSeconds":null,"minInstances":null,"maxInstances":null,"ingressSettings":null,"concurrency":null,"serviceAccountEmail":null,"vpc":null,"platform":"gcfv2","labels":{},"scheduleTrigger":{"schedule":"15 2 * * *","retryConfig":{},"timeZone":"America/Fortaleza"},"entryPoint":"concluirDocumentosProntosBalcao"},"cleanupExpiredRequests":{"availableMemoryMb":null,"timeoutSeconds":null,"minInstances":null,"maxInstances":null,"ingressSettings":null,"concurrency":null,"serviceAccountEmail":null,"vpc":null,"platform":"gcfv2","labels":{},"scheduleTrigger":{"schedule":"0 3 * * *","retryConfig":{},"timeZone":"America/Fortaleza"},"entryPoint":"cleanupExpiredRequests"},"esic":{"availableMemoryMb":null,"timeoutSeconds":null,"minInstances":null,"maxInstances":null,"ingressSettings":null,"concurrency":null,"serviceAccountEmail":null,"vpc":null,"platform":"gcfv2","labels":{},"callableTrigger":{},"entryPoint":"esic"},"processCommand":{"availableMemoryMb":256,"timeoutSeconds":null,"minInstances":null,"maxInstances":1,"ingressSettings":null,"concurrency":1,"serviceAccountEmail":null,"vpc":null,"platform":"gcfv2","cpu":"gcf_gen1","region":["us-central1"],"labels":{},"callableTrigger":{},"entryPoint":"processCommand"},"publicProcessLookup":{"availableMemoryMb":256,"timeoutSeconds":null,"minInstances":null,"maxInstances":1,"ingressSettings":null,"concurrency":1,"serviceAccountEmail":null,"vpc":null,"platform":"gcfv2","cpu":"gcf_gen1","region":["us-central1"],"labels":{},"callableTrigger":{},"entryPoint":"publicProcessLookup"}},"specVersion":"v1alpha1","requiredAPIs":[{"api":"cloudscheduler.googleapis.com","reason":"Needed for scheduled functions."}],"extensions":{},"params":[{"type":"secret","name":"JITSI_JWT_SECRET"},{"type":"secret","name":"YOUTUBE_CLIENT_ID"},{"type":"secret","name":"YOUTUBE_CLIENT_SECRET"}]}
[info] i  extensions: ensuring required API firebaseextensions.googleapis.com is enabled... 
[debug] [2026-09-29T16:51:44.397Z] > command requires scopes: ["email","openid","https://www.googleapis.com/auth/cloudplatformprojects.readonly","https://www.googleapis.com/auth/firebase","https://www.googleapis.com/auth/cloud-platform"]
[debug] [2026-09-29T16:51:44.397Z] > authorizing via signed-in user (blutecnologiasbr@gmail.com)
[debug] [2026-09-29T16:51:44.397Z] [iam] checking project blu-app-camara for permissions ["firebase.projects.get","firebaseextensions.instances.list"]
[debug] [2026-09-29T16:51:44.397Z] Checked if tokens are valid: true, expires at: 1790704291236
[debug] [2026-09-29T16:51:44.397Z] Checked if tokens are valid: true, expires at: 1790704291236
[debug] [2026-09-29T16:51:44.397Z] >>> [apiv2][query] POST https://cloudresourcemanager.googleapis.com/v1/projects/blu-app-camara:testIamPermissions [none]
[debug] [2026-09-29T16:51:44.397Z] >>> [apiv2][(partial)header] POST https://cloudresourcemanager.googleapis.com/v1/projects/blu-app-camara:testIamPermissions  x-goog-user-project=blu-app-camara
[debug] [2026-09-29T16:51:44.397Z] >>> [apiv2][body] POST https://cloudresourcemanager.googleapis.com/v1/projects/blu-app-camara:testIamPermissions {"permissions":["firebase.projects.get","firebaseextensions.instances.list"]}
[debug] [2026-09-29T16:51:45.369Z] <<< [apiv2][status] POST https://cloudresourcemanager.googleapis.com/v1/projects/blu-app-camara:testIamPermissions 200
[debug] [2026-09-29T16:51:45.369Z] <<< [apiv2][body] POST https://cloudresourcemanager.googleapis.com/v1/projects/blu-app-camara:testIamPermissions {"permissions":["firebase.projects.get","firebaseextensions.instances.list"]}
[debug] [2026-09-29T16:51:45.370Z] Checked if tokens are valid: true, expires at: 1790704291236
[debug] [2026-09-29T16:51:45.370Z] Checked if tokens are valid: true, expires at: 1790704291236
[debug] [2026-09-29T16:51:45.370Z] >>> [apiv2][query] GET https://firebaseextensions.googleapis.com/v1beta/projects/blu-app-camara/instances pageSize=100&pageToken=
[debug] [2026-09-29T16:51:46.671Z] <<< [apiv2][status] GET https://firebaseextensions.googleapis.com/v1beta/projects/blu-app-camara/instances 200
[debug] [2026-09-29T16:51:46.671Z] <<< [apiv2][body] GET https://firebaseextensions.googleapis.com/v1beta/projects/blu-app-camara/instances {}
[info] i  functions: Loaded environment variables from .env.blu-app-camara. 
[debug] [2026-09-29T16:51:46.674Z] Checked if tokens are valid: true, expires at: 1790704291236
[debug] [2026-09-29T16:51:46.674Z] Checked if tokens are valid: true, expires at: 1790704291236
[debug] [2026-09-29T16:51:46.675Z] >>> [apiv2][query] GET https://secretmanager.googleapis.com/v1/projects/blu-app-camara/secrets/JITSI_JWT_SECRET [none]
[debug] [2026-09-29T16:51:47.387Z] <<< [apiv2][status] GET https://secretmanager.googleapis.com/v1/projects/blu-app-camara/secrets/JITSI_JWT_SECRET 200
[debug] [2026-09-29T16:51:47.388Z] <<< [apiv2][body] GET https://secretmanager.googleapis.com/v1/projects/blu-app-camara/secrets/JITSI_JWT_SECRET {"name":"projects/1070248841383/secrets/JITSI_JWT_SECRET","replication":{"automatic":{}},"createTime":"2026-09-17T13:17:12.439252Z","labels":{"firebase-managed":"functions"},"etag":"\"165bad9a1ffabc\""}
[debug] [2026-09-29T16:51:47.388Z] Checked if tokens are valid: true, expires at: 1790704291236
[debug] [2026-09-29T16:51:47.388Z] Checked if tokens are valid: true, expires at: 1790704291236
[debug] [2026-09-29T16:51:47.388Z] >>> [apiv2][query] GET https://secretmanager.googleapis.com/v1/projects/blu-app-camara/secrets/JITSI_JWT_SECRET/versions/latest [none]
[debug] [2026-09-29T16:51:47.702Z] <<< [apiv2][status] GET https://secretmanager.googleapis.com/v1/projects/blu-app-camara/secrets/JITSI_JWT_SECRET/versions/latest 200
[debug] [2026-09-29T16:51:47.702Z] <<< [apiv2][body] GET https://secretmanager.googleapis.com/v1/projects/blu-app-camara/secrets/JITSI_JWT_SECRET/versions/latest {"name":"projects/1070248841383/secrets/JITSI_JWT_SECRET/versions/1","createTime":"2026-09-17T13:17:15.827794Z","state":"ENABLED","replicationStatus":{"automatic":{}},"etag":"\"165bad9a432e52\""}
[debug] [2026-09-29T16:51:47.703Z] Checked if tokens are valid: true, expires at: 1790704291236
[debug] [2026-09-29T16:51:47.703Z] Checked if tokens are valid: true, expires at: 1790704291236
[debug] [2026-09-29T16:51:47.704Z] >>> [apiv2][query] GET https://secretmanager.googleapis.com/v1/projects/blu-app-camara/secrets/YOUTUBE_CLIENT_ID [none]
[debug] [2026-09-29T16:51:48.104Z] <<< [apiv2][status] GET https://secretmanager.googleapis.com/v1/projects/blu-app-camara/secrets/YOUTUBE_CLIENT_ID 200
[debug] [2026-09-29T16:51:48.104Z] <<< [apiv2][body] GET https://secretmanager.googleapis.com/v1/projects/blu-app-camara/secrets/YOUTUBE_CLIENT_ID {"name":"projects/1070248841383/secrets/YOUTUBE_CLIENT_ID","replication":{"automatic":{}},"createTime":"2026-06-11T01:41:25.042698Z","labels":{"firebase-managed":"functions"},"etag":"\"1653f07557bc88\""}
[debug] [2026-09-29T16:51:48.104Z] Checked if tokens are valid: true, expires at: 1790704291236
[debug] [2026-09-29T16:51:48.104Z] Checked if tokens are valid: true, expires at: 1790704291236
[debug] [2026-09-29T16:51:48.104Z] >>> [apiv2][query] GET https://secretmanager.googleapis.com/v1/projects/blu-app-camara/secrets/YOUTUBE_CLIENT_ID/versions/latest [none]
[debug] [2026-09-29T16:51:48.464Z] <<< [apiv2][status] GET https://secretmanager.googleapis.com/v1/projects/blu-app-camara/secrets/YOUTUBE_CLIENT_ID/versions/latest 200
[debug] [2026-09-29T16:51:48.464Z] <<< [apiv2][body] GET https://secretmanager.googleapis.com/v1/projects/blu-app-camara/secrets/YOUTUBE_CLIENT_ID/versions/latest {"name":"projects/1070248841383/secrets/YOUTUBE_CLIENT_ID/versions/3","createTime":"2026-06-18T22:55:55.783888Z","state":"ENABLED","replicationStatus":{"automatic":{}},"etag":"\"16548f142c8ad0\""}
[debug] [2026-09-29T16:51:48.464Z] Checked if tokens are valid: true, expires at: 1790704291236
[debug] [2026-09-29T16:51:48.464Z] Checked if tokens are valid: true, expires at: 1790704291236
[debug] [2026-09-29T16:51:48.464Z] >>> [apiv2][query] GET https://secretmanager.googleapis.com/v1/projects/blu-app-camara/secrets/YOUTUBE_CLIENT_SECRET [none]
[debug] [2026-09-29T16:51:48.757Z] <<< [apiv2][status] GET https://secretmanager.googleapis.com/v1/projects/blu-app-camara/secrets/YOUTUBE_CLIENT_SECRET 200
[debug] [2026-09-29T16:51:48.757Z] <<< [apiv2][body] GET https://secretmanager.googleapis.com/v1/projects/blu-app-camara/secrets/YOUTUBE_CLIENT_SECRET {"name":"projects/1070248841383/secrets/YOUTUBE_CLIENT_SECRET","replication":{"automatic":{}},"createTime":"2026-06-11T01:42:08.865265Z","labels":{"firebase-managed":"functions"},"etag":"\"1653f077fbac6a\""}
[debug] [2026-09-29T16:51:48.757Z] Checked if tokens are valid: true, expires at: 1790704291236
[debug] [2026-09-29T16:51:48.757Z] Checked if tokens are valid: true, expires at: 1790704291236
[debug] [2026-09-29T16:51:48.758Z] >>> [apiv2][query] GET https://secretmanager.googleapis.com/v1/projects/blu-app-camara/secrets/YOUTUBE_CLIENT_SECRET/versions/latest [none]
[debug] [2026-09-29T16:51:49.066Z] <<< [apiv2][status] GET https://secretmanager.googleapis.com/v1/projects/blu-app-camara/secrets/YOUTUBE_CLIENT_SECRET/versions/latest 200
[debug] [2026-09-29T16:51:49.066Z] <<< [apiv2][body] GET https://secretmanager.googleapis.com/v1/projects/blu-app-camara/secrets/YOUTUBE_CLIENT_SECRET/versions/latest {"name":"projects/1070248841383/secrets/YOUTUBE_CLIENT_SECRET/versions/3","createTime":"2026-06-18T22:56:26.832903Z","state":"ENABLED","replicationStatus":{"automatic":{}},"etag":"\"16548f16065007\""}
[info] i  functions: preparing functions directory for uploading... 
[info] i  functions: packaged /Users/leonardoribeiro/Documents/BluTecnologias/Developer/BluPortalServicosCamaras/functions (115.49 KB) for uploading 
[debug] [2026-09-29T16:51:49.108Z] Checked if tokens are valid: true, expires at: 1790704291236
[debug] [2026-09-29T16:51:49.108Z] Checked if tokens are valid: true, expires at: 1790704291236
[debug] [2026-09-29T16:51:49.108Z] >>> [apiv2][query] GET https://cloudfunctions.googleapis.com/v1/projects/blu-app-camara/locations/-/functions [none]
[debug] [2026-09-29T16:51:50.703Z] <<< [apiv2][status] GET https://cloudfunctions.googleapis.com/v1/projects/blu-app-camara/locations/-/functions 200
[debug] [2026-09-29T16:51:50.703Z] <<< [apiv2][body] GET https://cloudfunctions.googleapis.com/v1/projects/blu-app-camara/locations/-/functions {"functions":[{"name":"projects/blu-app-camara/locations/us-central1/functions/logoutOtherDevices","httpsTrigger":{"url":"https://us-central1-blu-app-camara.cloudfunctions.net/logoutOtherDevices","securityLevel":"SECURE_ALWAYS"},"status":"ACTIVE","entryPoint":"logoutOtherDevices","timeout":"60s","availableMemoryMb":256,"serviceAccountEmail":"blu-app-camara@appspot.gserviceaccount.com","updateTime":"2026-09-01T23:33:15.099513135Z","versionId":"1","labels":{"deployment-callable":"true","firebase-functions-hash":"a86e7af9e0436c97e8a53897a6f352054a0ea240","deployment-tool":"cli-firebase"},"sourceUploadUrl":"https://storage.googleapis.com/uploads-453575839921.us-central1.cloudfunctions.appspot.com/a8d11bcc-1ec9-4fab-916e-dd68ff6dc5e5.zip","environmentVariables":{"GMAIL_EMAIL":"blutecnologiasbr@gmail.com","FIREBASE_CONFIG":"{\"projectId\":\"blu-app-camara\",\"databaseURL\":\"https://blu-app-camara-default-rtdb.firebaseio.com\",\"storageBucket\":\"blu-app-camara.firebasestorage.app\"}","GCLOUD_PROJECT":"blu-app-camara","EVENTARC_CLOUD_EVENT_SOURCE":"projects/blu-app-camara/locations/us-central1/functions/logoutOtherDevices"},"runtime":"nodejs20","ingressSettings":"ALLOW_ALL","buildId":"afa63f47-d16d-49c9-8307-9a88b2339b32","buildEnvironmentVariables":{"GOOGLE_NODE_RUN_SCRIPTS":""},"buildName":"projects/1070248841383/locations/us-central1/builds/afa63f47-d16d-49c9-8307-9a88b2339b32","dockerRegistry":"ARTIFACT_REGISTRY","automaticUpdatePolicy":{},"buildServiceAccount":"projects/blu-app-camara/serviceAccounts/1070248841383-compute@developer.gserviceaccount.com","satisfiesPzi":true}]}
[debug] [2026-09-29T16:51:50.703Z] Checked if tokens are valid: true, expires at: 1790704291236
[debug] [2026-09-29T16:51:50.703Z] Checked if tokens are valid: true, expires at: 1790704291236
[debug] [2026-09-29T16:51:50.703Z] >>> [apiv2][query] GET https://cloudfunctions.googleapis.com/v2/projects/blu-app-camara/locations/-/functions filter=environment%3D%22GEN_2%22
[debug] [2026-09-29T16:51:52.428Z] <<< [apiv2][status] GET https://cloudfunctions.googleapis.com/v2/projects/blu-app-camara/locations/-/functions 200
[debug] [2026-09-29T16:51:52.429Z] <<< [apiv2][body] GET https://cloudfunctions.googleapis.com/v2/projects/blu-app-camara/locations/-/functions {"functions":[{"name":"projects/blu-app-camara/locations/southamerica-east1/functions/renovarWebhookYoutube","buildConfig":{"build":"projects/1070248841383/locations/southamerica-east1/builds/aaaff6b1-42f3-4033-ba5e-d9b278170b43","runtime":"nodejs20","entryPoint":"renovarWebhookYoutube","source":{"storageSource":{"bucket":"gcf-v2-sources-1070248841383-southamerica-east1","object":"renovarWebhookYoutube/function-source.zip","generation":"1790610839382498"}},"environmentVariables":{"GOOGLE_NODE_RUN_SCRIPTS":""},"dockerRepository":"projects/blu-app-camara/locations/southamerica-east1/repositories/gcf-artifacts","sourceProvenance":{"resolvedStorageSource":{"bucket":"gcf-v2-sources-1070248841383-southamerica-east1","object":"renovarWebhookYoutube/function-source.zip","generation":"1790610839382498"}},"dockerRegistry":"ARTIFACT_REGISTRY","serviceAccount":"projects/blu-app-camara/serviceAccounts/1070248841383-compute@developer.gserviceaccount.com","automaticUpdatePolicy":{}},"serviceConfig":{"service":"projects/blu-app-camara/locations/southamerica-east1/services/renovarwebhookyoutube","timeoutSeconds":300,"environmentVariables":{"GMAIL_EMAIL":"blutecnologiasbr@gmail.com","FIREBASE_CONFIG":"{\"projectId\":\"blu-app-camara\",\"databaseURL\":\"https://blu-app-camara-default-rtdb.firebaseio.com\",\"storageBucket\":\"blu-app-camara.firebasestorage.app\"}","GCLOUD_PROJECT":"blu-app-camara","EVENTARC_CLOUD_EVENT_SOURCE":"projects/blu-app-camara/locations/southamerica-east1/services/renovarWebhookYoutube","FUNCTION_TARGET":"renovarWebhookYoutube","LOG_EXECUTION_ID":"true"},"maxInstanceCount":3,"ingressSettings":"ALLOW_ALL","uri":"https://renovarwebhookyoutube-ncrh4bwrmq-rj.a.run.app","serviceAccountEmail":"1070248841383-compute@developer.gserviceaccount.com","availableMemory":"256Mi","allTrafficOnLatestRevision":true,"secretEnvironmentVariables":[{"key":"YOUTUBE_CHANNEL_ID","projectId":"blu-app-camara","secret":"YOUTUBE_CHANNEL_ID","version":"2"},{"key":"YOUTUBE_WEBHOOK_VERIFY_TOKEN","projectId":"blu-app-camara","secret":"YOUTUBE_WEBHOOK_VERIFY_TOKEN","version":"1"}],"revision":"renovarwebhookyoutube-00007-paw","maxInstanceRequestConcurrency":80,"availableCpu":"1"},"state":"ACTIVE","updateTime":"2026-09-28T15:55:14.741015046Z","labels":{"deployment-scheduled":"true","firebase-functions-hash":"73b3fe0303796966062fee291a3fb75dc067eee5","deployment-tool":"cli-firebase"},"environment":"GEN_2","url":"https://southamerica-east1-blu-app-camara.cloudfunctions.net/renovarWebhookYoutube","satisfiesPzs":true,"createTime":"2026-06-11T02:15:09.571986923Z","satisfiesPzi":true},{"name":"projects/blu-app-camara/locations/southamerica-east1/functions/listarVideosTvCamara","buildConfig":{"build":"projects/1070248841383/locations/southamerica-east1/builds/8cbded88-a859-455f-8a88-913a8df8ceb8","runtime":"nodejs20","entryPoint":"listarVideosTvCamara","source":{"storageSource":{"bucket":"gcf-v2-sources-1070248841383-southamerica-east1","object":"listarVideosTvCamara/function-source.zip","generation":"1790277485813753"}},"environmentVariables":{"GOOGLE_NODE_RUN_SCRIPTS":""},"dockerRepository":"projects/blu-app-camara/locations/southamerica-east1/repositories/gcf-artifacts","sourceProvenance":{"resolvedStorageSource":{"bucket":"gcf-v2-sources-1070248841383-southamerica-east1","object":"listarVideosTvCamara/function-source.zip","generation":"1790277485813753"}},"dockerRegistry":"ARTIFACT_REGISTRY","serviceAccount":"projects/blu-app-camara/serviceAccounts/1070248841383-compute@developer.gserviceaccount.com","automaticUpdatePolicy":{}},"serviceConfig":{"service":"projects/blu-app-camara/locations/southamerica-east1/services/listarvideostvcamara","timeoutSeconds":60,"environmentVariables":{"GMAIL_EMAIL":"blutecnologiasbr@gmail.com","FIREBASE_CONFIG":"{\"projectId\":\"blu-app-camara\",\"databaseURL\":\"https://blu-app-camara-default-rtdb.firebaseio.com\",\"storageBucket\":\"blu-app-camara.firebasestorage.app\"}","GCLOUD_PROJECT":"blu-app-camara","EVENTARC_CLOUD_EVENT_SOURCE":"projects/blu-app-camara/locations/southamerica-east1/services/listarVideosTvCamara","FUNCTION_TARGET":"listarVideosTvCamara","LOG_EXECUTION_ID":"true","FUNCTION_SIGNATURE_TYPE":"http"},"maxInstanceCount":3,"ingressSettings":"ALLOW_ALL","uri":"https://listarvideostvcamara-ncrh4bwrmq-rj.a.run.app","serviceAccountEmail":"1070248841383-compute@developer.gserviceaccount.com","availableMemory":"256Mi","allTrafficOnLatestRevision":true,"secretEnvironmentVariables":[{"key":"YOUTUBE_CLIENT_ID","projectId":"blu-app-camara","secret":"YOUTUBE_CLIENT_ID","version":"3"},{"key":"YOUTUBE_CLIENT_SECRET","projectId":"blu-app-camara","secret":"YOUTUBE_CLIENT_SECRET","version":"3"},{"key":"YOUTUBE_REFRESH_TOKEN","projectId":"blu-app-camara","secret":"YOUTUBE_REFRESH_TOKEN","version":"12"},{"key":"YOUTUBE_CHANNEL_ID","projectId":"blu-app-camara","secret":"YOUTUBE_CHANNEL_ID","version":"2"},{"key":"YOUTUBE_PLAYLIST_ID","projectId":"blu-app-camara","secret":"YOUTUBE_PLAYLIST_ID","version":"2"}],"revision":"listarvideostvcamara-00016-kes","maxInstanceRequestConcurrency":80,"availableCpu":"1"},"state":"ACTIVE","updateTime":"2026-09-24T19:18:19.767190607Z","labels":{"deployment-tool":"cli-firebase","firebase-functions-hash":"5588c1ba822b839c7644ee890d6fc3188faed61b"},"environment":"GEN_2","url":"https://southamerica-east1-blu-app-camara.cloudfunctions.net/listarVideosTvCamara","satisfiesPzs":true,"createTime":"2026-06-11T01:56:42.984450504Z","satisfiesPzi":true},{"name":"projects/blu-app-camara/locations/southamerica-east1/functions/atualizarPlaylistYoutube","buildConfig":{"build":"projects/1070248841383/locations/southamerica-east1/builds/8cbded88-a859-455f-8a88-913a8df8ceb8","runtime":"nodejs20","entryPoint":"atualizarPlaylistYoutube","source":{"storageSource":{"bucket":"gcf-v2-sources-1070248841383-southamerica-east1","object":"atualizarPlaylistYoutube/function-source.zip","generation":"1790277486096615"}},"environmentVariables":{"GOOGLE_NODE_RUN_SCRIPTS":""},"dockerRepository":"projects/blu-app-camara/locations/southamerica-east1/repositories/gcf-artifacts","sourceProvenance":{"resolvedStorageSource":{"bucket":"gcf-v2-sources-1070248841383-southamerica-east1","object":"atualizarPlaylistYoutube/function-source.zip","generation":"1790277486096615"}},"dockerRegistry":"ARTIFACT_REGISTRY","serviceAccount":"projects/blu-app-camara/serviceAccounts/1070248841383-compute@developer.gserviceaccount.com","automaticUpdatePolicy":{}},"serviceConfig":{"service":"projects/blu-app-camara/locations/southamerica-east1/services/atualizarplaylistyoutube","timeoutSeconds":60,"environmentVariables":{"GMAIL_EMAIL":"blutecnologiasbr@gmail.com","FIREBASE_CONFIG":"{\"projectId\":\"blu-app-camara\",\"databaseURL\":\"https://blu-app-camara-default-rtdb.firebaseio.com\",\"storageBucket\":\"blu-app-camara.firebasestorage.app\"}","GCLOUD_PROJECT":"blu-app-camara","EVENTARC_CLOUD_EVENT_SOURCE":"projects/blu-app-camara/locations/southamerica-east1/services/atualizarPlaylistYoutube","FUNCTION_TARGET":"atualizarPlaylistYoutube","LOG_EXECUTION_ID":"true","FUNCTION_SIGNATURE_TYPE":"http"},"maxInstanceCount":3,"ingressSettings":"ALLOW_ALL","uri":"https://atualizarplaylistyoutube-ncrh4bwrmq-rj.a.run.app","serviceAccountEmail":"1070248841383-compute@developer.gserviceaccount.com","availableMemory":"256Mi","allTrafficOnLatestRevision":true,"secretEnvironmentVariables":[{"key":"YOUTUBE_CLIENT_ID","projectId":"blu-app-camara","secret":"YOUTUBE_CLIENT_ID","version":"3"},{"key":"YOUTUBE_CLIENT_SECRET","projectId":"blu-app-camara","secret":"YOUTUBE_CLIENT_SECRET","version":"3"},{"key":"YOUTUBE_REFRESH_TOKEN","projectId":"blu-app-camara","secret":"YOUTUBE_REFRESH_TOKEN","version":"12"},{"key":"YOUTUBE_CHANNEL_ID","projectId":"blu-app-camara","secret":"YOUTUBE_CHANNEL_ID","version":"2"},{"key":"YOUTUBE_PLAYLIST_ID","projectId":"blu-app-camara","secret":"YOUTUBE_PLAYLIST_ID","version":"2"}],"revision":"atualizarplaylistyoutube-00019-zun","maxInstanceRequestConcurrency":80,"availableCpu":"1"},"state":"ACTIVE","updateTime":"2026-09-24T19:18:17.614172168Z","labels":{"deployment-tool":"cli-firebase","deployment-scheduled":"true","firebase-functions-hash":"5588c1ba822b839c7644ee890d6fc3188faed61b"},"environment":"GEN_2","url":"https://southamerica-east1-blu-app-camara.cloudfunctions.net/atualizarPlaylistYoutube","satisfiesPzs":true,"createTime":"2026-06-11T02:17:31.983573127Z","satisfiesPzi":true},{"name":"projects/blu-app-camara/locations/southamerica-east1/functions/notificarDocumentoProntoBalcao","buildConfig":{"build":"projects/1070248841383/locations/southamerica-east1/builds/26d846af-3f64-4e9d-b551-9f9941472aee","runtime":"nodejs22","entryPoint":"notificarDocumentoProntoBalcao","source":{"storageSource":{"bucket":"gcf-v2-sources-1070248841383-southamerica-east1","object":"notificarDocumentoProntoBalcao/function-source.zip","generation":"1789672527203569"}},"environmentVariables":{"GOOGLE_NODE_RUN_SCRIPTS":""},"dockerRepository":"projects/blu-app-camara/locations/southamerica-east1/repositories/gcf-artifacts","sourceProvenance":{"resolvedStorageSource":{"bucket":"gcf-v2-sources-1070248841383-southamerica-east1","object":"notificarDocumentoProntoBalcao/function-source.zip","generation":"1789672527203569"}},"dockerRegistry":"ARTIFACT_REGISTRY","serviceAccount":"projects/blu-app-camara/serviceAccounts/1070248841383-compute@developer.gserviceaccount.com","automaticUpdatePolicy":{}},"serviceConfig":{"service":"projects/blu-app-camara/locations/southamerica-east1/services/notificardocumentoprontobalcao","timeoutSeconds":60,"environmentVariables":{"GMAIL_EMAIL":"blutecnologiasbr@gmail.com","FIREBASE_CONFIG":"{\"projectId\":\"blu-app-camara\",\"databaseURL\":\"https://blu-app-camara-default-rtdb.firebaseio.com\",\"storageBucket\":\"blu-app-camara.firebasestorage.app\"}","GCLOUD_PROJECT":"blu-app-camara","EVENTARC_CLOUD_EVENT_SOURCE":"projects/blu-app-camara/locations/southamerica-east1/services/notificarDocumentoProntoBalcao","FUNCTION_SIGNATURE_TYPE":"cloudevent","FUNCTION_TARGET":"notificarDocumentoProntoBalcao","LOG_EXECUTION_ID":"true"},"maxInstanceCount":12,"ingressSettings":"ALLOW_ALL","uri":"https://notificardocumentoprontobalcao-ncrh4bwrmq-rj.a.run.app","serviceAccountEmail":"1070248841383-compute@developer.gserviceaccount.com","availableMemory":"256Mi","allTrafficOnLatestRevision":true,"revision":"notificardocumentoprontobalcao-00002-zad","maxInstanceRequestConcurrency":1,"availableCpu":"0.1666"},"eventTrigger":{"trigger":"projects/blu-app-camara/locations/nam5/triggers/notificardocumentoprontobalcao-188370","triggerRegion":"nam5","eventType":"google.cloud.firestore.document.v1.written","eventFilters":[{"attribute":"namespace","value":"(default)"},{"attribute":"document","value":"balcao-cidadao/{solicitacaoId}","operator":"match-path-pattern"},{"attribute":"database","value":"(default)"}],"pubsubTopic":"projects/blu-app-camara/topics/eventarc-nam5-notificardocumentoprontobalcao-188370-294","serviceAccountEmail":"1070248841383-compute@developer.gserviceaccount.com","retryPolicy":"RETRY_POLICY_DO_NOT_RETRY"},"state":"ACTIVE","updateTime":"2026-09-17T19:15:35.947410651Z","labels":{"deployment-tool":"cli-firebase","firebase-functions-hash":"b55280094db3eb2e6437c8e974a5ff850e64a123"},"environment":"GEN_2","url":"https://southamerica-east1-blu-app-camara.cloudfunctions.net/notificarDocumentoProntoBalcao","satisfiesPzs":true,"createTime":"2026-09-12T01:51:29.510101588Z","satisfiesPzi":true},{"name":"projects/blu-app-camara/locations/southamerica-east1/functions/liberarAgendamentosBalcaoNaoComparecidos","buildConfig":{"build":"projects/1070248841383/locations/southamerica-east1/builds/26d846af-3f64-4e9d-b551-9f9941472aee","runtime":"nodejs22","entryPoint":"liberarAgendamentosBalcaoNaoComparecidos","source":{"storageSource":{"bucket":"gcf-v2-sources-1070248841383-southamerica-east1","object":"liberarAgendamentosBalcaoNaoComparecidos/function-source.zip","generation":"1789672474358647"}},"environmentVariables":{"GOOGLE_NODE_RUN_SCRIPTS":""},"dockerRepository":"projects/blu-app-camara/locations/southamerica-east1/repositories/gcf-artifacts","sourceProvenance":{"resolvedStorageSource":{"bucket":"gcf-v2-sources-1070248841383-southamerica-east1","object":"liberarAgendamentosBalcaoNaoComparecidos/function-source.zip","generation":"1789672474358647"}},"dockerRegistry":"ARTIFACT_REGISTRY","serviceAccount":"projects/blu-app-camara/serviceAccounts/1070248841383-compute@developer.gserviceaccount.com","automaticUpdatePolicy":{}},"serviceConfig":{"service":"projects/blu-app-camara/locations/southamerica-east1/services/liberaragendamentosbalcaonaocomparecidos","timeoutSeconds":60,"environmentVariables":{"GMAIL_EMAIL":"blutecnologiasbr@gmail.com","FIREBASE_CONFIG":"{\"projectId\":\"blu-app-camara\",\"databaseURL\":\"https://blu-app-camara-default-rtdb.firebaseio.com\",\"storageBucket\":\"blu-app-camara.firebasestorage.app\"}","GCLOUD_PROJECT":"blu-app-camara","EVENTARC_CLOUD_EVENT_SOURCE":"projects/blu-app-camara/locations/southamerica-east1/services/liberarAgendamentosBalcaoNaoComparecidos","FUNCTION_TARGET":"liberarAgendamentosBalcaoNaoComparecidos","LOG_EXECUTION_ID":"true"},"maxInstanceCount":12,"ingressSettings":"ALLOW_ALL","uri":"https://liberaragendamentosbalcaonaocomparecidos-ncrh4bwrmq-rj.a.run.app","serviceAccountEmail":"1070248841383-compute@developer.gserviceaccount.com","availableMemory":"256Mi","allTrafficOnLatestRevision":true,"revision":"liberaragendamentosbalcaonaocomparecidos-00005-hes","maxInstanceRequestConcurrency":1,"availableCpu":"0.1666"},"state":"ACTIVE","updateTime":"2026-09-17T19:15:33.114697458Z","labels":{"deployment-scheduled":"true","firebase-functions-hash":"b55280094db3eb2e6437c8e974a5ff850e64a123","deployment-tool":"cli-firebase"},"environment":"GEN_2","url":"https://southamerica-east1-blu-app-camara.cloudfunctions.net/liberarAgendamentosBalcaoNaoComparecidos","satisfiesPzs":true,"createTime":"2026-08-19T14:57:20.885673223Z","satisfiesPzi":true},{"name":"projects/blu-app-camara/locations/southamerica-east1/functions/youtubeChannelWebhook","buildConfig":{"build":"projects/1070248841383/locations/southamerica-east1/builds/8cbded88-a859-455f-8a88-913a8df8ceb8","runtime":"nodejs20","entryPoint":"youtubeChannelWebhook","source":{"storageSource":{"bucket":"gcf-v2-sources-1070248841383-southamerica-east1","object":"youtubeChannelWebhook/function-source.zip","generation":"1790277424087441"}},"environmentVariables":{"GOOGLE_NODE_RUN_SCRIPTS":""},"dockerRepository":"projects/blu-app-camara/locations/southamerica-east1/repositories/gcf-artifacts","sourceProvenance":{"resolvedStorageSource":{"bucket":"gcf-v2-sources-1070248841383-southamerica-east1","object":"youtubeChannelWebhook/function-source.zip","generation":"1790277424087441"}},"dockerRegistry":"ARTIFACT_REGISTRY","serviceAccount":"projects/blu-app-camara/serviceAccounts/1070248841383-compute@developer.gserviceaccount.com","automaticUpdatePolicy":{}},"serviceConfig":{"service":"projects/blu-app-camara/locations/southamerica-east1/services/youtubechannelwebhook","timeoutSeconds":60,"environmentVariables":{"GMAIL_EMAIL":"blutecnologiasbr@gmail.com","FIREBASE_CONFIG":"{\"projectId\":\"blu-app-camara\",\"databaseURL\":\"https://blu-app-camara-default-rtdb.firebaseio.com\",\"storageBucket\":\"blu-app-camara.firebasestorage.app\"}","GCLOUD_PROJECT":"blu-app-camara","EVENTARC_CLOUD_EVENT_SOURCE":"projects/blu-app-camara/locations/southamerica-east1/services/youtubeChannelWebhook","FUNCTION_TARGET":"youtubeChannelWebhook","LOG_EXECUTION_ID":"true"},"maxInstanceCount":3,"ingressSettings":"ALLOW_ALL","uri":"https://youtubechannelwebhook-ncrh4bwrmq-rj.a.run.app","serviceAccountEmail":"1070248841383-compute@developer.gserviceaccount.com","availableMemory":"256Mi","allTrafficOnLatestRevision":true,"secretEnvironmentVariables":[{"key":"YOUTUBE_CLIENT_ID","projectId":"blu-app-camara","secret":"YOUTUBE_CLIENT_ID","version":"3"},{"key":"YOUTUBE_CLIENT_SECRET","projectId":"blu-app-camara","secret":"YOUTUBE_CLIENT_SECRET","version":"3"},{"key":"YOUTUBE_REFRESH_TOKEN","projectId":"blu-app-camara","secret":"YOUTUBE_REFRESH_TOKEN","version":"12"},{"key":"YOUTUBE_CHANNEL_ID","projectId":"blu-app-camara","secret":"YOUTUBE_CHANNEL_ID","version":"2"},{"key":"YOUTUBE_PLAYLIST_ID","projectId":"blu-app-camara","secret":"YOUTUBE_PLAYLIST_ID","version":"2"},{"key":"YOUTUBE_WEBHOOK_VERIFY_TOKEN","projectId":"blu-app-camara","secret":"YOUTUBE_WEBHOOK_VERIFY_TOKEN","version":"1"}],"revision":"youtubechannelwebhook-00016-xoj","maxInstanceRequestConcurrency":80,"availableCpu":"1"},"state":"ACTIVE","updateTime":"2026-09-24T19:18:08.805488647Z","labels":{"deployment-tool":"cli-firebase","firebase-functions-hash":"b55af4cdddbd4fbaae2eca4cc0d6dddc46516a3b"},"environment":"GEN_2","url":"https://southamerica-east1-blu-app-camara.cloudfunctions.net/youtubeChannelWebhook","satisfiesPzs":true,"createTime":"2026-06-11T02:13:01.871921236Z","satisfiesPzi":true},{"name":"projects/blu-app-camara/locations/us-central1/functions/notifyBalcaoServiceEvaluation","buildConfig":{"build":"projects/1070248841383/locations/us-central1/builds/27969b07-60fc-46b7-8750-55730af2308a","runtime":"nodejs22","entryPoint":"notifyBalcaoServiceEvaluation","source":{"storageSource":{"bucket":"gcf-v2-sources-1070248841383-us-central1","object":"notifyBalcaoServiceEvaluation/function-source.zip","generation":"1789672655470841"}},"environmentVariables":{"GOOGLE_NODE_RUN_SCRIPTS":""},"dockerRepository":"projects/blu-app-camara/locations/us-central1/repositories/gcf-artifacts","serviceAccount":"projects/blu-app-camara/serviceAccounts/1070248841383-compute@developer.gserviceaccount.com","automaticUpdatePolicy":{}},"serviceConfig":{"service":"projects/blu-app-camara/locations/us-central1/services/notifybalcaoserviceevaluation","timeoutSeconds":60,"environmentVariables":{"GMAIL_EMAIL":"blutecnologiasbr@gmail.com","FIREBASE_CONFIG":"{\"projectId\":\"blu-app-camara\",\"databaseURL\":\"https://blu-app-camara-default-rtdb.firebaseio.com\",\"storageBucket\":\"blu-app-camara.firebasestorage.app\"}","GCLOUD_PROJECT":"blu-app-camara","EVENTARC_CLOUD_EVENT_SOURCE":"projects/blu-app-camara/locations/us-central1/services/notifyBalcaoServiceEvaluation","FUNCTION_SIGNATURE_TYPE":"cloudevent","FUNCTION_TARGET":"notifyBalcaoServiceEvaluation","LOG_EXECUTION_ID":"true"},"maxInstanceCount":3,"ingressSettings":"ALLOW_ALL","uri":"https://notifybalcaoserviceevaluation-ncrh4bwrmq-uc.a.run.app","serviceAccountEmail":"1070248841383-compute@developer.gserviceaccount.com","availableMemory":"256Mi","allTrafficOnLatestRevision":true,"revision":"notifybalcaoserviceevaluation-00004-jat","maxInstanceRequestConcurrency":80,"availableCpu":"1"},"eventTrigger":{"trigger":"projects/blu-app-camara/locations/nam5/triggers/notifybalcaoserviceevaluation-109360","triggerRegion":"nam5","eventType":"google.cloud.firestore.document.v1.written","eventFilters":[{"attribute":"namespace","value":"(default)"},{"attribute":"document","value":"balcao-cidadao/{solicitacaoId}","operator":"match-path-pattern"},{"attribute":"database","value":"(default)"}],"pubsubTopic":"projects/blu-app-camara/topics/eventarc-nam5-notifybalcaoserviceevaluation-109360-538","serviceAccountEmail":"1070248841383-compute@developer.gserviceaccount.com","retryPolicy":"RETRY_POLICY_DO_NOT_RETRY"},"state":"ACTIVE","updateTime":"2026-09-17T19:17:36.766937390Z","labels":{"firebase-functions-hash":"b55280094db3eb2e6437c8e974a5ff850e64a123","deployment-tool":"cli-firebase"},"environment":"GEN_2","url":"https://us-central1-blu-app-camara.cloudfunctions.net/notifyBalcaoServiceEvaluation","createTime":"2026-08-20T17:32:04.660344126Z","satisfiesPzi":true},{"name":"projects/blu-app-camara/locations/us-central1/functions/saveWhatsAppCredentials","buildConfig":{"build":"projects/1070248841383/locations/us-central1/builds/77f5cf71-483a-4b4c-bce5-d67518b0d3e1","runtime":"nodejs22","entryPoint":"saveWhatsAppCredentials","source":{"storageSource":{"bucket":"gcf-v2-sources-1070248841383-us-central1","object":"saveWhatsAppCredentials/function-source.zip","generation":"1790093934473450"}},"environmentVariables":{"GOOGLE_NODE_RUN_SCRIPTS":""},"dockerRepository":"projects/blu-app-camara/locations/us-central1/repositories/gcf-artifacts","sourceProvenance":{"resolvedStorageSource":{"bucket":"gcf-v2-sources-1070248841383-us-central1","object":"saveWhatsAppCredentials/function-source.zip","generation":"1790093934473450"}},"dockerRegistry":"ARTIFACT_REGISTRY","serviceAccount":"projects/blu-app-camara/serviceAccounts/1070248841383-compute@developer.gserviceaccount.com","automaticUpdatePolicy":{}},"serviceConfig":{"service":"projects/blu-app-camara/locations/us-central1/services/savewhatsappcredentials","timeoutSeconds":60,"environmentVariables":{"GMAIL_EMAIL":"blutecnologiasbr@gmail.com","FIREBASE_CONFIG":"{\"projectId\":\"blu-app-camara\",\"databaseURL\":\"https://blu-app-camara-default-rtdb.firebaseio.com\",\"storageBucket\":\"blu-app-camara.firebasestorage.app\"}","GCLOUD_PROJECT":"blu-app-camara","EVENTARC_CLOUD_EVENT_SOURCE":"projects/blu-app-camara/locations/us-central1/services/saveWhatsAppCredentials","FUNCTION_TARGET":"saveWhatsAppCredentials","LOG_EXECUTION_ID":"true"},"ingressSettings":"ALLOW_ALL","uri":"https://savewhatsappcredentials-ncrh4bwrmq-uc.a.run.app","serviceAccountEmail":"1070248841383-compute@developer.gserviceaccount.com","availableMemory":"256Mi","allTrafficOnLatestRevision":true,"revision":"savewhatsappcredentials-00001-bac","maxInstanceRequestConcurrency":80,"availableCpu":"1"},"state":"ACTIVE","updateTime":"2026-09-22T16:19:48.445211542Z","labels":{"firebase-functions-hash":"585a64bcc12f95034b552fe7cf74c9ff6219438a","deployment-tool":"cli-firebase","deployment-callable":"true"},"environment":"GEN_2","url":"https://us-central1-blu-app-camara.cloudfunctions.net/saveWhatsAppCredentials","createTime":"2026-09-22T16:18:54.800434670Z","satisfiesPzi":true},{"name":"projects/blu-app-camara/locations/us-central1/functions/linkReceptionRequestsOnUserCreated","buildConfig":{"build":"projects/1070248841383/locations/us-central1/builds/27969b07-60fc-46b7-8750-55730af2308a","runtime":"nodejs22","entryPoint":"linkReceptionRequestsOnUserCreated","source":{"storageSource":{"bucket":"gcf-v2-sources-1070248841383-us-central1","object":"linkReceptionRequestsOnUserCreated/function-source.zip","generation":"1789672528596752"}},"environmentVariables":{"GOOGLE_NODE_RUN_SCRIPTS":""},"dockerRepository":"projects/blu-app-camara/locations/us-central1/repositories/gcf-artifacts","sourceProvenance":{"resolvedStorageSource":{"bucket":"gcf-v2-sources-1070248841383-us-central1","object":"linkReceptionRequestsOnUserCreated/function-source.zip","generation":"1789672528596752"}},"dockerRegistry":"ARTIFACT_REGISTRY","serviceAccount":"projects/blu-app-camara/serviceAccounts/1070248841383-compute@developer.gserviceaccount.com","automaticUpdatePolicy":{}},"serviceConfig":{"service":"projects/blu-app-camara/locations/us-central1/services/linkreceptionrequestsonusercreated","timeoutSeconds":60,"environmentVariables":{"GMAIL_EMAIL":"blutecnologiasbr@gmail.com","FIREBASE_CONFIG":"{\"projectId\":\"blu-app-camara\",\"databaseURL\":\"https://blu-app-camara-default-rtdb.firebaseio.com\",\"storageBucket\":\"blu-app-camara.firebasestorage.app\"}","GCLOUD_PROJECT":"blu-app-camara","EVENTARC_CLOUD_EVENT_SOURCE":"projects/blu-app-camara/locations/us-central1/services/linkReceptionRequestsOnUserCreated","FUNCTION_SIGNATURE_TYPE":"cloudevent","FUNCTION_TARGET":"linkReceptionRequestsOnUserCreated","LOG_EXECUTION_ID":"true"},"maxInstanceCount":3,"ingressSettings":"ALLOW_ALL","uri":"https://linkreceptionrequestsonusercreated-ncrh4bwrmq-uc.a.run.app","serviceAccountEmail":"1070248841383-compute@developer.gserviceaccount.com","availableMemory":"256Mi","allTrafficOnLatestRevision":true,"revision":"linkreceptionrequestsonusercreated-00003-how","maxInstanceRequestConcurrency":80,"availableCpu":"1"},"eventTrigger":{"trigger":"projects/blu-app-camara/locations/nam5/triggers/linkreceptionrequestsonusercreated-797724","triggerRegion":"nam5","eventType":"google.cloud.firestore.document.v1.created","eventFilters":[{"attribute":"database","value":"(default)"},{"attribute":"namespace","value":"(default)"},{"attribute":"document","value":"users/{userId}","operator":"match-path-pattern"}],"pubsubTopic":"projects/blu-app-camara/topics/eventarc-nam5-linkreceptionrequestsonusercreated-797724-215","serviceAccountEmail":"1070248841383-compute@developer.gserviceaccount.com","retryPolicy":"RETRY_POLICY_DO_NOT_RETRY"},"state":"ACTIVE","updateTime":"2026-09-17T19:15:43.859079912Z","labels":{"deployment-tool":"cli-firebase","firebase-functions-hash":"b55280094db3eb2e6437c8e974a5ff850e64a123"},"environment":"GEN_2","url":"https://us-central1-blu-app-camara.cloudfunctions.net/linkReceptionRequestsOnUserCreated","createTime":"2026-09-09T14:40:28.957322134Z","satisfiesPzi":true},{"name":"projects/blu-app-camara/locations/us-central1/functions/getYoutubeOAuthUrl","buildConfig":{"build":"projects/1070248841383/locations/us-central1/builds/3b235412-0a47-4430-9352-2613a790ab84","runtime":"nodejs22","entryPoint":"getYoutubeOAuthUrl","source":{"storageSource":{"bucket":"gcf-v2-sources-1070248841383-us-central1","object":"getYoutubeOAuthUrl/function-source.zip","generation":"1790286051785149"}},"environmentVariables":{"GOOGLE_NODE_RUN_SCRIPTS":""},"dockerRepository":"projects/blu-app-camara/locations/us-central1/repositories/gcf-artifacts","sourceProvenance":{"resolvedStorageSource":{"bucket":"gcf-v2-sources-1070248841383-us-central1","object":"getYoutubeOAuthUrl/function-source.zip","generation":"1790286051785149"}},"dockerRegistry":"ARTIFACT_REGISTRY","serviceAccount":"projects/blu-app-camara/serviceAccounts/1070248841383-compute@developer.gserviceaccount.com","automaticUpdatePolicy":{}},"serviceConfig":{"service":"projects/blu-app-camara/locations/us-central1/services/getyoutubeoauthurl","timeoutSeconds":60,"environmentVariables":{"GMAIL_EMAIL":"blutecnologiasbr@gmail.com","FIREBASE_CONFIG":"{\"projectId\":\"blu-app-camara\",\"databaseURL\":\"https://blu-app-camara-default-rtdb.firebaseio.com\",\"storageBucket\":\"blu-app-camara.firebasestorage.app\"}","GCLOUD_PROJECT":"blu-app-camara","EVENTARC_CLOUD_EVENT_SOURCE":"projects/blu-app-camara/locations/us-central1/services/getYoutubeOAuthUrl","FUNCTION_TARGET":"getYoutubeOAuthUrl","LOG_EXECUTION_ID":"true","FUNCTION_SIGNATURE_TYPE":"http"},"maxInstanceCount":3,"ingressSettings":"ALLOW_ALL","uri":"https://getyoutubeoauthurl-ncrh4bwrmq-uc.a.run.app","serviceAccountEmail":"1070248841383-compute@developer.gserviceaccount.com","availableMemory":"256Mi","allTrafficOnLatestRevision":true,"secretEnvironmentVariables":[{"key":"YOUTUBE_CLIENT_ID","projectId":"blu-app-camara","secret":"YOUTUBE_CLIENT_ID","version":"3"}],"revision":"getyoutubeoauthurl-00011-wiy","maxInstanceRequestConcurrency":80,"availableCpu":"1"},"state":"ACTIVE","updateTime":"2026-09-24T21:41:02.626231959Z","labels":{"deployment-tool":"cli-firebase","firebase-functions-hash":"9117c3dd8b1bbb541c651c89ab6da7d2dbe13dce"},"environment":"GEN_2","url":"https://us-central1-blu-app-camara.cloudfunctions.net/getYoutubeOAuthUrl","createTime":"2026-07-15T17:24:31.510509834Z","satisfiesPzi":true},{"name":"projects/blu-app-camara/locations/us-central1/functions/esic","buildConfig":{"build":"projects/1070248841383/locations/us-central1/builds/27969b07-60fc-46b7-8750-55730af2308a","runtime":"nodejs22","entryPoint":"esic","source":{"storageSource":{"bucket":"gcf-v2-sources-1070248841383-us-central1","object":"esic/function-source.zip","generation":"1789672528558759"}},"environmentVariables":{"GOOGLE_NODE_RUN_SCRIPTS":""},"dockerRepository":"projects/blu-app-camara/locations/us-central1/repositories/gcf-artifacts","serviceAccount":"projects/blu-app-camara/serviceAccounts/1070248841383-compute@developer.gserviceaccount.com","automaticUpdatePolicy":{}},"serviceConfig":{"service":"projects/blu-app-camara/locations/us-central1/services/esic","timeoutSeconds":60,"environmentVariables":{"GMAIL_EMAIL":"blutecnologiasbr@gmail.com","FIREBASE_CONFIG":"{\"projectId\":\"blu-app-camara\",\"databaseURL\":\"https://blu-app-camara-default-rtdb.firebaseio.com\",\"storageBucket\":\"blu-app-camara.firebasestorage.app\"}","GCLOUD_PROJECT":"blu-app-camara","EVENTARC_CLOUD_EVENT_SOURCE":"projects/blu-app-camara/locations/us-central1/services/esic","FUNCTION_TARGET":"esic","LOG_EXECUTION_ID":"true","FUNCTION_SIGNATURE_TYPE":"http"},"maxInstanceCount":3,"ingressSettings":"ALLOW_ALL","uri":"https://esic-ncrh4bwrmq-uc.a.run.app","serviceAccountEmail":"1070248841383-compute@developer.gserviceaccount.com","availableMemory":"256Mi","allTrafficOnLatestRevision":true,"revision":"esic-00003-tax","maxInstanceRequestConcurrency":80,"availableCpu":"1"},"state":"ACTIVE","updateTime":"2026-09-17T19:16:28.458690393Z","labels":{"deployment-tool":"cli-firebase","deployment-callable":"true","firebase-functions-hash":"b55280094db3eb2e6437c8e974a5ff850e64a123"},"environment":"GEN_2","url":"https://us-central1-blu-app-camara.cloudfunctions.net/esic","createTime":"2026-09-12T01:52:14.194584427Z","satisfiesPzi":true},{"name":"projects/blu-app-camara/locations/us-central1/functions/buscarUsuarioParaGabinete","buildConfig":{"build":"projects/1070248841383/locations/us-central1/builds/27969b07-60fc-46b7-8750-55730af2308a","runtime":"nodejs22","entryPoint":"buscarUsuarioParaGabinete","source":{"storageSource":{"bucket":"gcf-v2-sources-1070248841383-us-central1","object":"buscarUsuarioParaGabinete/function-source.zip","generation":"1789672527877310"}},"environmentVariables":{"GOOGLE_NODE_RUN_SCRIPTS":""},"dockerRepository":"projects/blu-app-camara/locations/us-central1/repositories/gcf-artifacts","sourceProvenance":{"resolvedStorageSource":{"bucket":"gcf-v2-sources-1070248841383-us-central1","object":"buscarUsuarioParaGabinete/function-source.zip","generation":"1789672527877310"}},"dockerRegistry":"ARTIFACT_REGISTRY","serviceAccount":"projects/blu-app-camara/serviceAccounts/1070248841383-compute@developer.gserviceaccount.com","automaticUpdatePolicy":{}},"serviceConfig":{"service":"projects/blu-app-camara/locations/us-central1/services/buscarusuarioparagabinete","timeoutSeconds":60,"environmentVariables":{"GMAIL_EMAIL":"blutecnologiasbr@gmail.com","FIREBASE_CONFIG":"{\"projectId\":\"blu-app-camara\",\"databaseURL\":\"https://blu-app-camara-default-rtdb.firebaseio.com\",\"storageBucket\":\"blu-app-camara.firebasestorage.app\"}","GCLOUD_PROJECT":"blu-app-camara","EVENTARC_CLOUD_EVENT_SOURCE":"projects/blu-app-camara/locations/us-central1/services/buscarUsuarioParaGabinete","FUNCTION_TARGET":"buscarUsuarioParaGabinete","LOG_EXECUTION_ID":"true","FUNCTION_SIGNATURE_TYPE":"http"},"maxInstanceCount":3,"ingressSettings":"ALLOW_ALL","uri":"https://buscarusuarioparagabinete-ncrh4bwrmq-uc.a.run.app","serviceAccountEmail":"1070248841383-compute@developer.gserviceaccount.com","availableMemory":"256Mi","allTrafficOnLatestRevision":true,"revision":"buscarusuarioparagabinete-00002-gis","maxInstanceRequestConcurrency":80,"availableCpu":"1"},"state":"ACTIVE","updateTime":"2026-09-17T19:15:45.495362845Z","labels":{"deployment-callable":"true","firebase-functions-hash":"b55280094db3eb2e6437c8e974a5ff850e64a123","deployment-tool":"cli-firebase"},"environment":"GEN_2","url":"https://us-central1-blu-app-camara.cloudfunctions.net/buscarUsuarioParaGabinete","createTime":"2026-09-12T01:51:28.824514675Z","satisfiesPzi":true},{"name":"projects/blu-app-camara/locations/us-central1/functions/saveTvCamaraSupadataKey","buildConfig":{"build":"projects/1070248841383/locations/us-central1/builds/dc6369f5-1033-434e-988f-782a140e3ce1","runtime":"nodejs22","entryPoint":"saveTvCamaraSupadataKey","source":{"storageSource":{"bucket":"gcf-v2-sources-1070248841383-us-central1","object":"saveTvCamaraSupadataKey/function-source.zip","generation":"1790271317216138"}},"environmentVariables":{"GOOGLE_NODE_RUN_SCRIPTS":""},"dockerRepository":"projects/blu-app-camara/locations/us-central1/repositories/gcf-artifacts","sourceProvenance":{"resolvedStorageSource":{"bucket":"gcf-v2-sources-1070248841383-us-central1","object":"saveTvCamaraSupadataKey/function-source.zip","generation":"1790271317216138"}},"dockerRegistry":"ARTIFACT_REGISTRY","serviceAccount":"projects/blu-app-camara/serviceAccounts/1070248841383-compute@developer.gserviceaccount.com","automaticUpdatePolicy":{}},"serviceConfig":{"service":"projects/blu-app-camara/locations/us-central1/services/savetvcamarasupadatakey","timeoutSeconds":60,"environmentVariables":{"GMAIL_EMAIL":"blutecnologiasbr@gmail.com","FIREBASE_CONFIG":"{\"projectId\":\"blu-app-camara\",\"databaseURL\":\"https://blu-app-camara-default-rtdb.firebaseio.com\",\"storageBucket\":\"blu-app-camara.firebasestorage.app\"}","GCLOUD_PROJECT":"blu-app-camara","EVENTARC_CLOUD_EVENT_SOURCE":"projects/blu-app-camara/locations/us-central1/services/saveTvCamaraSupadataKey","FUNCTION_TARGET":"saveTvCamaraSupadataKey","LOG_EXECUTION_ID":"true"},"ingressSettings":"ALLOW_ALL","uri":"https://savetvcamarasupadatakey-ncrh4bwrmq-uc.a.run.app","serviceAccountEmail":"1070248841383-compute@developer.gserviceaccount.com","availableMemory":"256Mi","allTrafficOnLatestRevision":true,"revision":"savetvcamarasupadatakey-00001-yir","maxInstanceRequestConcurrency":80,"availableCpu":"1"},"state":"ACTIVE","updateTime":"2026-09-24T17:36:10.314073525Z","labels":{"deployment-tool":"cli-firebase","deployment-callable":"true","firebase-functions-hash":"f45e712cd6db01496b9b7475849aab7b6c5722b6"},"environment":"GEN_2","url":"https://us-central1-blu-app-camara.cloudfunctions.net/saveTvCamaraSupadataKey","createTime":"2026-09-24T17:35:17.488072201Z","satisfiesPzi":true},{"name":"projects/blu-app-camara/locations/us-central1/functions/notificarCidadaoChamadoNoGuiche","buildConfig":{"build":"projects/1070248841383/locations/us-central1/builds/27969b07-60fc-46b7-8750-55730af2308a","runtime":"nodejs22","entryPoint":"notificarCidadaoChamadoNoGuiche","source":{"storageSource":{"bucket":"gcf-v2-sources-1070248841383-us-central1","object":"notificarCidadaoChamadoNoGuiche/function-source.zip","generation":"1789672656313393"}},"environmentVariables":{"GOOGLE_NODE_RUN_SCRIPTS":""},"dockerRepository":"projects/blu-app-camara/locations/us-central1/repositories/gcf-artifacts","serviceAccount":"projects/blu-app-camara/serviceAccounts/1070248841383-compute@developer.gserviceaccount.com","automaticUpdatePolicy":{}},"serviceConfig":{"service":"projects/blu-app-camara/locations/us-central1/services/notificarcidadaochamadonoguiche","timeoutSeconds":60,"environmentVariables":{"GMAIL_EMAIL":"blutecnologiasbr@gmail.com","FIREBASE_CONFIG":"{\"projectId\":\"blu-app-camara\",\"databaseURL\":\"https://blu-app-camara-default-rtdb.firebaseio.com\",\"storageBucket\":\"blu-app-camara.firebasestorage.app\"}","GCLOUD_PROJECT":"blu-app-camara","EVENTARC_CLOUD_EVENT_SOURCE":"projects/blu-app-camara/locations/us-central1/services/notificarCidadaoChamadoNoGuiche","FUNCTION_SIGNATURE_TYPE":"cloudevent","FUNCTION_TARGET":"notificarCidadaoChamadoNoGuiche","LOG_EXECUTION_ID":"true"},"maxInstanceCount":3,"ingressSettings":"ALLOW_ALL","uri":"https://notificarcidadaochamadonoguiche-ncrh4bwrmq-uc.a.run.app","serviceAccountEmail":"1070248841383-compute@developer.gserviceaccount.com","availableMemory":"256Mi","allTrafficOnLatestRevision":true,"revision":"notificarcidadaochamadonoguiche-00003-kuh","maxInstanceRequestConcurrency":80,"availableCpu":"1"},"eventTrigger":{"trigger":"projects/blu-app-camara/locations/nam5/triggers/notificarcidadaochamadonoguiche-881643","triggerRegion":"nam5","eventType":"google.cloud.firestore.document.v1.written","eventFilters":[{"attribute":"database","value":"(default)"},{"attribute":"namespace","value":"(default)"},{"attribute":"document","value":"atendimento-fila/{ticketId}","operator":"match-path-pattern"}],"pubsubTopic":"projects/blu-app-camara/topics/eventarc-nam5-notificarcidadaochamadonoguiche-881643-308","serviceAccountEmail":"1070248841383-compute@developer.gserviceaccount.com","retryPolicy":"RETRY_POLICY_DO_NOT_RETRY"},"state":"ACTIVE","updateTime":"2026-09-17T19:17:37.808592178Z","labels":{"deployment-tool":"cli-firebase","firebase-functions-hash":"b55280094db3eb2e6437c8e974a5ff850e64a123"},"environment":"GEN_2","url":"https://us-central1-blu-app-camara.cloudfunctions.net/notificarCidadaoChamadoNoGuiche","createTime":"2026-09-09T14:41:37.489013112Z","satisfiesPzi":true},{"name":"projects/blu-app-camara/locations/us-central1/functions/notificarAgendaDosGabinetes","buildConfig":{"build":"projects/1070248841383/locations/us-central1/builds/27969b07-60fc-46b7-8750-55730af2308a","runtime":"nodejs22","entryPoint":"notificarAgendaDosGabinetes","source":{"storageSource":{"bucket":"gcf-v2-sources-1070248841383-us-central1","object":"notificarAgendaDosGabinetes/function-source.zip","generation":"1789672528601747"}},"environmentVariables":{"GOOGLE_NODE_RUN_SCRIPTS":""},"dockerRepository":"projects/blu-app-camara/locations/us-central1/repositories/gcf-artifacts","serviceAccount":"projects/blu-app-camara/serviceAccounts/1070248841383-compute@developer.gserviceaccount.com","automaticUpdatePolicy":{}},"serviceConfig":{"service":"projects/blu-app-camara/locations/us-central1/services/notificaragendadosgabinetes","timeoutSeconds":60,"environmentVariables":{"GMAIL_EMAIL":"blutecnologiasbr@gmail.com","FIREBASE_CONFIG":"{\"projectId\":\"blu-app-camara\",\"databaseURL\":\"https://blu-app-camara-default-rtdb.firebaseio.com\",\"storageBucket\":\"blu-app-camara.firebasestorage.app\"}","GCLOUD_PROJECT":"blu-app-camara","EVENTARC_CLOUD_EVENT_SOURCE":"projects/blu-app-camara/locations/us-central1/services/notificarAgendaDosGabinetes","FUNCTION_TARGET":"notificarAgendaDosGabinetes","LOG_EXECUTION_ID":"true","FUNCTION_SIGNATURE_TYPE":"http"},"maxInstanceCount":3,"ingressSettings":"ALLOW_ALL","uri":"https://notificaragendadosgabinetes-ncrh4bwrmq-uc.a.run.app","serviceAccountEmail":"1070248841383-compute@developer.gserviceaccount.com","availableMemory":"256Mi","allTrafficOnLatestRevision":true,"revision":"notificaragendadosgabinetes-00002-yeq","maxInstanceRequestConcurrency":80,"availableCpu":"1"},"state":"ACTIVE","updateTime":"2026-09-17T19:16:28.232324223Z","labels":{"firebase-functions-hash":"b55280094db3eb2e6437c8e974a5ff850e64a123","deployment-tool":"cli-firebase","deployment-scheduled":"true"},"environment":"GEN_2","url":"https://us-central1-blu-app-camara.cloudfunctions.net/notificarAgendaDosGabinetes","createTime":"2026-09-12T01:52:14.830805583Z","satisfiesPzi":true},{"name":"projects/blu-app-camara/locations/us-central1/functions/notificarAniversariantesDoDia","buildConfig":{"build":"projects/1070248841383/locations/us-central1/builds/27969b07-60fc-46b7-8750-55730af2308a","runtime":"nodejs22","entryPoint":"notificarAniversariantesDoDia","source":{"storageSource":{"bucket":"gcf-v2-sources-1070248841383-us-central1","object":"notificarAniversariantesDoDia/function-source.zip","generation":"1789672528650986"}},"environmentVariables":{"GOOGLE_NODE_RUN_SCRIPTS":""},"dockerRepository":"projects/blu-app-camara/locations/us-central1/repositories/gcf-artifacts","serviceAccount":"projects/blu-app-camara/serviceAccounts/1070248841383-compute@developer.gserviceaccount.com","automaticUpdatePolicy":{}},"serviceConfig":{"service":"projects/blu-app-camara/locations/us-central1/services/notificaraniversariantesdodia","timeoutSeconds":60,"environmentVariables":{"GMAIL_EMAIL":"blutecnologiasbr@gmail.com","FIREBASE_CONFIG":"{\"projectId\":\"blu-app-camara\",\"databaseURL\":\"https://blu-app-camara-default-rtdb.firebaseio.com\",\"storageBucket\":\"blu-app-camara.firebasestorage.app\"}","GCLOUD_PROJECT":"blu-app-camara","EVENTARC_CLOUD_EVENT_SOURCE":"projects/blu-app-camara/locations/us-central1/services/notificarAniversariantesDoDia","FUNCTION_TARGET":"notificarAniversariantesDoDia","LOG_EXECUTION_ID":"true","FUNCTION_SIGNATURE_TYPE":"http"},"maxInstanceCount":3,"ingressSettings":"ALLOW_ALL","uri":"https://notificaraniversariantesdodia-ncrh4bwrmq-uc.a.run.app","serviceAccountEmail":"1070248841383-compute@developer.gserviceaccount.com","availableMemory":"256Mi","allTrafficOnLatestRevision":true,"revision":"notificaraniversariantesdodia-00004-wap","maxInstanceRequestConcurrency":80,"availableCpu":"1"},"state":"ACTIVE","updateTime":"2026-09-17T19:15:42.835552243Z","labels":{"deployment-tool":"cli-firebase","deployment-scheduled":"true","firebase-functions-hash":"b55280094db3eb2e6437c8e974a5ff850e64a123"},"environment":"GEN_2","url":"https://us-central1-blu-app-camara.cloudfunctions.net/notificarAniversariantesDoDia","createTime":"2026-08-20T17:31:10.721281062Z","satisfiesPzi":true},{"name":"projects/blu-app-camara/locations/us-central1/functions/cleanupExpiredRequests","buildConfig":{"build":"projects/1070248841383/locations/us-central1/builds/27969b07-60fc-46b7-8750-55730af2308a","runtime":"nodejs22","entryPoint":"cleanupExpiredRequests","source":{"storageSource":{"bucket":"gcf-v2-sources-1070248841383-us-central1","object":"cleanupExpiredRequests/function-source.zip","generation":"1789672528818302"}},"environmentVariables":{"GOOGLE_NODE_RUN_SCRIPTS":""},"dockerRepository":"projects/blu-app-camara/locations/us-central1/repositories/gcf-artifacts","sourceProvenance":{"resolvedStorageSource":{"bucket":"gcf-v2-sources-1070248841383-us-central1","object":"cleanupExpiredRequests/function-source.zip","generation":"1789672528818302"}},"dockerRegistry":"ARTIFACT_REGISTRY","serviceAccount":"projects/blu-app-camara/serviceAccounts/1070248841383-compute@developer.gserviceaccount.com","automaticUpdatePolicy":{}},"serviceConfig":{"service":"projects/blu-app-camara/locations/us-central1/services/cleanupexpiredrequests","timeoutSeconds":60,"environmentVariables":{"GMAIL_EMAIL":"blutecnologiasbr@gmail.com","FIREBASE_CONFIG":"{\"projectId\":\"blu-app-camara\",\"databaseURL\":\"https://blu-app-camara-default-rtdb.firebaseio.com\",\"storageBucket\":\"blu-app-camara.firebasestorage.app\"}","GCLOUD_PROJECT":"blu-app-camara","EVENTARC_CLOUD_EVENT_SOURCE":"projects/blu-app-camara/locations/us-central1/services/cleanupExpiredRequests","FUNCTION_TARGET":"cleanupExpiredRequests","LOG_EXECUTION_ID":"true","FUNCTION_SIGNATURE_TYPE":"http"},"maxInstanceCount":3,"ingressSettings":"ALLOW_ALL","uri":"https://cleanupexpiredrequests-ncrh4bwrmq-uc.a.run.app","serviceAccountEmail":"1070248841383-compute@developer.gserviceaccount.com","availableMemory":"256Mi","allTrafficOnLatestRevision":true,"revision":"cleanupexpiredrequests-00028-wus","maxInstanceRequestConcurrency":80,"availableCpu":"1"},"state":"ACTIVE","updateTime":"2026-09-17T19:15:43.687199526Z","labels":{"deployment-scheduled":"true","firebase-functions-hash":"b55280094db3eb2e6437c8e974a5ff850e64a123","deployment-tool":"cli-firebase"},"environment":"GEN_2","url":"https://us-central1-blu-app-camara.cloudfunctions.net/cleanupExpiredRequests","createTime":"2026-05-15T19:19:21.736159741Z","satisfiesPzi":true},{"name":"projects/blu-app-camara/locations/us-central1/functions/listarVideosTvCamaraFallback","buildConfig":{"build":"projects/1070248841383/locations/us-central1/builds/3b235412-0a47-4430-9352-2613a790ab84","runtime":"nodejs22","entryPoint":"listarVideosTvCamaraFallback","source":{"storageSource":{"bucket":"gcf-v2-sources-1070248841383-us-central1","object":"listarVideosTvCamaraFallback/function-source.zip","generation":"1790286051742017"}},"environmentVariables":{"GOOGLE_NODE_RUN_SCRIPTS":""},"dockerRepository":"projects/blu-app-camara/locations/us-central1/repositories/gcf-artifacts","sourceProvenance":{"resolvedStorageSource":{"bucket":"gcf-v2-sources-1070248841383-us-central1","object":"listarVideosTvCamaraFallback/function-source.zip","generation":"1790286051742017"}},"dockerRegistry":"ARTIFACT_REGISTRY","serviceAccount":"projects/blu-app-camara/serviceAccounts/1070248841383-compute@developer.gserviceaccount.com","automaticUpdatePolicy":{}},"serviceConfig":{"service":"projects/blu-app-camara/locations/us-central1/services/listarvideostvcamarafallback","timeoutSeconds":300,"environmentVariables":{"GMAIL_EMAIL":"blutecnologiasbr@gmail.com","FIREBASE_CONFIG":"{\"projectId\":\"blu-app-camara\",\"databaseURL\":\"https://blu-app-camara-default-rtdb.firebaseio.com\",\"storageBucket\":\"blu-app-camara.firebasestorage.app\"}","GCLOUD_PROJECT":"blu-app-camara","EVENTARC_CLOUD_EVENT_SOURCE":"projects/blu-app-camara/locations/us-central1/services/listarVideosTvCamaraFallback","FUNCTION_TARGET":"listarVideosTvCamaraFallback","LOG_EXECUTION_ID":"true","FUNCTION_SIGNATURE_TYPE":"http"},"maxInstanceCount":3,"ingressSettings":"ALLOW_ALL","uri":"https://listarvideostvcamarafallback-ncrh4bwrmq-uc.a.run.app","serviceAccountEmail":"1070248841383-compute@developer.gserviceaccount.com","availableMemory":"256Mi","allTrafficOnLatestRevision":true,"secretEnvironmentVariables":[{"key":"YOUTUBE_CLIENT_ID","projectId":"blu-app-camara","secret":"YOUTUBE_CLIENT_ID","version":"3"},{"key":"YOUTUBE_CLIENT_SECRET","projectId":"blu-app-camara","secret":"YOUTUBE_CLIENT_SECRET","version":"3"}],"revision":"listarvideostvcamarafallback-00009-giy","maxInstanceRequestConcurrency":80,"availableCpu":"1"},"state":"ACTIVE","updateTime":"2026-09-24T21:41:00.798037059Z","labels":{"deployment-tool":"cli-firebase","firebase-functions-hash":"ba3a11eef7300bc76e2ef5e0854cb39a1247aa92"},"environment":"GEN_2","url":"https://us-central1-blu-app-camara.cloudfunctions.net/listarVideosTvCamaraFallback","createTime":"2026-06-26T01:49:20.935656203Z","satisfiesPzi":true},{"name":"projects/blu-app-camara/locations/us-central1/functions/createVideoConference","buildConfig":{"build":"projects/1070248841383/locations/us-central1/builds/27969b07-60fc-46b7-8750-55730af2308a","runtime":"nodejs22","entryPoint":"createVideoConference","source":{"storageSource":{"bucket":"gcf-v2-sources-1070248841383-us-central1","object":"createVideoConference/function-source.zip","generation":"1789672528146546"}},"environmentVariables":{"GOOGLE_NODE_RUN_SCRIPTS":""},"dockerRepository":"projects/blu-app-camara/locations/us-central1/repositories/gcf-artifacts","sourceProvenance":{"resolvedStorageSource":{"bucket":"gcf-v2-sources-1070248841383-us-central1","object":"createVideoConference/function-source.zip","generation":"1789672528146546"}},"dockerRegistry":"ARTIFACT_REGISTRY","serviceAccount":"projects/blu-app-camara/serviceAccounts/1070248841383-compute@developer.gserviceaccount.com","automaticUpdatePolicy":{}},"serviceConfig":{"service":"projects/blu-app-camara/locations/us-central1/services/createvideoconference","timeoutSeconds":60,"environmentVariables":{"GMAIL_EMAIL":"blutecnologiasbr@gmail.com","FIREBASE_CONFIG":"{\"projectId\":\"blu-app-camara\",\"databaseURL\":\"https://blu-app-camara-default-rtdb.firebaseio.com\",\"storageBucket\":\"blu-app-camara.firebasestorage.app\"}","GCLOUD_PROJECT":"blu-app-camara","EVENTARC_CLOUD_EVENT_SOURCE":"projects/blu-app-camara/locations/us-central1/services/createVideoConference","FUNCTION_TARGET":"createVideoConference","LOG_EXECUTION_ID":"true","FUNCTION_SIGNATURE_TYPE":"http"},"ingressSettings":"ALLOW_ALL","uri":"https://createvideoconference-ncrh4bwrmq-uc.a.run.app","serviceAccountEmail":"1070248841383-compute@developer.gserviceaccount.com","availableMemory":"256Mi","allTrafficOnLatestRevision":true,"secretEnvironmentVariables":[{"key":"JITSI_JWT_SECRET","projectId":"blu-app-camara","secret":"JITSI_JWT_SECRET","version":"1"}],"revision":"createvideoconference-00001-rim","maxInstanceRequestConcurrency":80,"availableCpu":"1"},"state":"ACTIVE","updateTime":"2026-09-17T19:15:46.272866597Z","labels":{"deployment-tool":"cli-firebase","deployment-callable":"true","firebase-functions-hash":"d96d4d7c68658da9a3ef80d55cbea5a6b21f3d86"},"environment":"GEN_2","url":"https://us-central1-blu-app-camara.cloudfunctions.net/createVideoConference","createTime":"2026-09-17T19:15:28.383126373Z","satisfiesPzi":true},{"name":"projects/blu-app-camara/locations/us-central1/functions/onProcuradoriaMulherUpdate","buildConfig":{"build":"projects/1070248841383/locations/us-central1/builds/fbc0c542-b95c-4dcb-a764-e23a9cf01d5d","runtime":"nodejs20","entryPoint":"onProcuradoriaMulherUpdate","source":{"storageSource":{"bucket":"gcf-v2-sources-1070248841383-us-central1","object":"onProcuradoriaMulherUpdate/function-source.zip","generation":"1781732345773143"}},"environmentVariables":{"GOOGLE_NODE_RUN_SCRIPTS":""},"dockerRepository":"projects/blu-app-camara/locations/us-central1/repositories/gcf-artifacts","sourceProvenance":{"resolvedStorageSource":{"bucket":"gcf-v2-sources-1070248841383-us-central1","object":"onProcuradoriaMulherUpdate/function-source.zip","generation":"1781732345773143"}},"dockerRegistry":"ARTIFACT_REGISTRY","serviceAccount":"projects/blu-app-camara/serviceAccounts/1070248841383-compute@developer.gserviceaccount.com","automaticUpdatePolicy":{}},"serviceConfig":{"service":"projects/blu-app-camara/locations/us-central1/services/onprocuradoriamulherupdate","timeoutSeconds":60,"environmentVariables":{"GMAIL_EMAIL":"blutecnologiasbr@gmail.com","FIREBASE_CONFIG":"{\"projectId\":\"blu-app-camara\",\"databaseURL\":\"https://blu-app-camara-default-rtdb.firebaseio.com\",\"storageBucket\":\"blu-app-camara.firebasestorage.app\"}","GCLOUD_PROJECT":"blu-app-camara","EVENTARC_CLOUD_EVENT_SOURCE":"projects/blu-app-camara/locations/us-central1/services/onProcuradoriaMulherUpdate","FUNCTION_SIGNATURE_TYPE":"cloudevent","FUNCTION_TARGET":"onProcuradoriaMulherUpdate","LOG_EXECUTION_ID":"true"},"maxInstanceCount":3,"ingressSettings":"ALLOW_ALL","uri":"https://onprocuradoriamulherupdate-ncrh4bwrmq-uc.a.run.app","serviceAccountEmail":"1070248841383-compute@developer.gserviceaccount.com","availableMemory":"256Mi","allTrafficOnLatestRevision":true,"revision":"onprocuradoriamulherupdate-00003-zic","maxInstanceRequestConcurrency":80,"availableCpu":"1"},"eventTrigger":{"trigger":"projects/blu-app-camara/locations/nam5/triggers/onprocuradoriamulherupdate-600210","triggerRegion":"nam5","eventType":"google.cloud.firestore.document.v1.updated","eventFilters":[{"attribute":"database","value":"(default)"},{"attribute":"namespace","value":"(default)"},{"attribute":"document","value":"procuradoria-mulher/{id}","operator":"match-path-pattern"}],"pubsubTopic":"projects/blu-app-camara/topics/eventarc-nam5-onprocuradoriamulherupdate-600210-431","serviceAccountEmail":"1070248841383-compute@developer.gserviceaccount.com","retryPolicy":"RETRY_POLICY_DO_NOT_RETRY"},"state":"ACTIVE","updateTime":"2026-09-01T23:33:14.651182370Z","labels":{"deployment-tool":"cli-firebase","firebase-functions-hash":"6b7b19296bea8d211817f4bd2949e0e34b302099"},"environment":"GEN_2","url":"https://us-central1-blu-app-camara.cloudfunctions.net/onProcuradoriaMulherUpdate","createTime":"2026-06-04T15:11:31.013904926Z","satisfiesPzi":true},{"name":"projects/blu-app-camara/locations/us-central1/functions/notificarNovaDemandaGabinete","buildConfig":{"build":"projects/1070248841383/locations/us-central1/builds/04ffa683-0f9b-43ec-993b-793a4b4c79f6","runtime":"nodejs22","entryPoint":"notificarNovaDemandaGabinete","source":{"storageSource":{"bucket":"gcf-v2-sources-1070248841383-us-central1","object":"notificarNovaDemandaGabinete/function-source.zip","generation":"1789177934595771"}},"environmentVariables":{"GOOGLE_NODE_RUN_SCRIPTS":""},"dockerRepository":"projects/blu-app-camara/locations/us-central1/repositories/gcf-artifacts","sourceProvenance":{"resolvedStorageSource":{"bucket":"gcf-v2-sources-1070248841383-us-central1","object":"notificarNovaDemandaGabinete/function-source.zip","generation":"1789177934595771"}},"dockerRegistry":"ARTIFACT_REGISTRY","serviceAccount":"projects/blu-app-camara/serviceAccounts/1070248841383-compute@developer.gserviceaccount.com","automaticUpdatePolicy":{}},"state":"FAILED","updateTime":"2026-09-12T01:52:28.594988045Z","labels":{"deployment-tool":"cli-firebase","firebase-functions-hash":"464a95274b7d23de207103c550814e816f3a0b23"},"stateMessages":[{"severity":"ERROR","type":"CloudRunServiceNotFound","message":"Cloud Run service projects/blu-app-camara/locations/us-central1/services/notificarnovademandagabinete for the function was not found. The function will not work correctly. Please redeploy."},{"severity":"ERROR","type":"EventarcTriggerNotFound","message":"Eventarc trigger projects/blu-app-camara/locations/nam5/triggers/notificarnovademandagabinete-641567 for the function was not found. The function may not work correctly. Please redeploy."}],"environment":"GEN_2","url":"https://us-central1-blu-app-camara.cloudfunctions.net/notificarNovaDemandaGabinete","createTime":"2026-09-12T01:52:14.865659399Z","satisfiesPzi":true},{"name":"projects/blu-app-camara/locations/us-central1/functions/notifyNewsNow","buildConfig":{"build":"projects/1070248841383/locations/us-central1/builds/27969b07-60fc-46b7-8750-55730af2308a","runtime":"nodejs22","entryPoint":"notifyNewsNow","source":{"storageSource":{"bucket":"gcf-v2-sources-1070248841383-us-central1","object":"notifyNewsNow/function-source.zip","generation":"1789672528673823"}},"environmentVariables":{"GOOGLE_NODE_RUN_SCRIPTS":""},"dockerRepository":"projects/blu-app-camara/locations/us-central1/repositories/gcf-artifacts","sourceProvenance":{"resolvedStorageSource":{"bucket":"gcf-v2-sources-1070248841383-us-central1","object":"notifyNewsNow/function-source.zip","generation":"1789672528673823"}},"dockerRegistry":"ARTIFACT_REGISTRY","serviceAccount":"projects/blu-app-camara/serviceAccounts/1070248841383-compute@developer.gserviceaccount.com","automaticUpdatePolicy":{}},"serviceConfig":{"service":"projects/blu-app-camara/locations/us-central1/services/notifynewsnow","timeoutSeconds":60,"environmentVariables":{"GMAIL_EMAIL":"blutecnologiasbr@gmail.com","FIREBASE_CONFIG":"{\"projectId\":\"blu-app-camara\",\"databaseURL\":\"https://blu-app-camara-default-rtdb.firebaseio.com\",\"storageBucket\":\"blu-app-camara.firebasestorage.app\"}","GCLOUD_PROJECT":"blu-app-camara","EVENTARC_CLOUD_EVENT_SOURCE":"projects/blu-app-camara/locations/us-central1/services/notifyNewsNow","FUNCTION_TARGET":"notifyNewsNow","LOG_EXECUTION_ID":"true","FUNCTION_SIGNATURE_TYPE":"http"},"maxInstanceCount":3,"ingressSettings":"ALLOW_ALL","uri":"https://notifynewsnow-ncrh4bwrmq-uc.a.run.app","serviceAccountEmail":"1070248841383-compute@developer.gserviceaccount.com","availableMemory":"256Mi","allTrafficOnLatestRevision":true,"revision":"notifynewsnow-00011-vah","maxInstanceRequestConcurrency":80,"availableCpu":"1"},"state":"ACTIVE","updateTime":"2026-09-17T19:15:40.269540263Z","labels":{"firebase-functions-hash":"b55280094db3eb2e6437c8e974a5ff850e64a123","deployment-tool":"cli-firebase"},"environment":"GEN_2","url":"https://us-central1-blu-app-camara.cloudfunctions.net/notifyNewsNow","createTime":"2026-06-19T16:37:13.438639404Z","satisfiesPzi":true},{"name":"projects/blu-app-camara/locations/us-central1/functions/changeVideoConferenceStatus","buildConfig":{"build":"projects/1070248841383/locations/us-central1/builds/27969b07-60fc-46b7-8750-55730af2308a","runtime":"nodejs22","entryPoint":"changeVideoConferenceStatus","source":{"storageSource":{"bucket":"gcf-v2-sources-1070248841383-us-central1","object":"changeVideoConferenceStatus/function-source.zip","generation":"1789672528110965"}},"environmentVariables":{"GOOGLE_NODE_RUN_SCRIPTS":""},"dockerRepository":"projects/blu-app-camara/locations/us-central1/repositories/gcf-artifacts","sourceProvenance":{"resolvedStorageSource":{"bucket":"gcf-v2-sources-1070248841383-us-central1","object":"changeVideoConferenceStatus/function-source.zip","generation":"1789672528110965"}},"dockerRegistry":"ARTIFACT_REGISTRY","serviceAccount":"projects/blu-app-camara/serviceAccounts/1070248841383-compute@developer.gserviceaccount.com","automaticUpdatePolicy":{}},"serviceConfig":{"service":"projects/blu-app-camara/locations/us-central1/services/changevideoconferencestatus","timeoutSeconds":60,"environmentVariables":{"GMAIL_EMAIL":"blutecnologiasbr@gmail.com","FIREBASE_CONFIG":"{\"projectId\":\"blu-app-camara\",\"databaseURL\":\"https://blu-app-camara-default-rtdb.firebaseio.com\",\"storageBucket\":\"blu-app-camara.firebasestorage.app\"}","GCLOUD_PROJECT":"blu-app-camara","EVENTARC_CLOUD_EVENT_SOURCE":"projects/blu-app-camara/locations/us-central1/services/changeVideoConferenceStatus","FUNCTION_TARGET":"changeVideoConferenceStatus","LOG_EXECUTION_ID":"true","FUNCTION_SIGNATURE_TYPE":"http"},"ingressSettings":"ALLOW_ALL","uri":"https://changevideoconferencestatus-ncrh4bwrmq-uc.a.run.app","serviceAccountEmail":"1070248841383-compute@developer.gserviceaccount.com","availableMemory":"256Mi","allTrafficOnLatestRevision":true,"revision":"changevideoconferencestatus-00001-bud","maxInstanceRequestConcurrency":80,"availableCpu":"1"},"state":"ACTIVE","updateTime":"2026-09-17T19:15:46.470887249Z","labels":{"deployment-tool":"cli-firebase","deployment-callable":"true","firebase-functions-hash":"b55280094db3eb2e6437c8e974a5ff850e64a123"},"environment":"GEN_2","url":"https://us-central1-blu-app-camara.cloudfunctions.net/changeVideoConferenceStatus","createTime":"2026-09-17T19:15:28.346861358Z","satisfiesPzi":true},{"name":"projects/blu-app-camara/locations/us-central1/functions/administrativeDailyAlerts","buildConfig":{"build":"projects/1070248841383/locations/us-central1/builds/27969b07-60fc-46b7-8750-55730af2308a","runtime":"nodejs22","entryPoint":"administrativeDailyAlerts","source":{"storageSource":{"bucket":"gcf-v2-sources-1070248841383-us-central1","object":"administrativeDailyAlerts/function-source.zip","generation":"1789672527356019"}},"environmentVariables":{"GOOGLE_NODE_RUN_SCRIPTS":""},"dockerRepository":"projects/blu-app-camara/locations/us-central1/repositories/gcf-artifacts","sourceProvenance":{"resolvedStorageSource":{"bucket":"gcf-v2-sources-1070248841383-us-central1","object":"administrativeDailyAlerts/function-source.zip","generation":"1789672527356019"}},"dockerRegistry":"ARTIFACT_REGISTRY","serviceAccount":"projects/blu-app-camara/serviceAccounts/1070248841383-compute@developer.gserviceaccount.com","automaticUpdatePolicy":{}},"serviceConfig":{"service":"projects/blu-app-camara/locations/us-central1/services/administrativedailyalerts","timeoutSeconds":60,"environmentVariables":{"GMAIL_EMAIL":"blutecnologiasbr@gmail.com","FIREBASE_CONFIG":"{\"projectId\":\"blu-app-camara\",\"databaseURL\":\"https://blu-app-camara-default-rtdb.firebaseio.com\",\"storageBucket\":\"blu-app-camara.firebasestorage.app\"}","GCLOUD_PROJECT":"blu-app-camara","EVENTARC_CLOUD_EVENT_SOURCE":"projects/blu-app-camara/locations/us-central1/services/administrativeDailyAlerts","FUNCTION_TARGET":"administrativeDailyAlerts","LOG_EXECUTION_ID":"true","FUNCTION_SIGNATURE_TYPE":"http"},"ingressSettings":"ALLOW_ALL","uri":"https://administrativedailyalerts-ncrh4bwrmq-uc.a.run.app","serviceAccountEmail":"1070248841383-compute@developer.gserviceaccount.com","availableMemory":"256Mi","allTrafficOnLatestRevision":true,"revision":"administrativedailyalerts-00001-hiv","maxInstanceRequestConcurrency":80,"availableCpu":"1"},"state":"ACTIVE","updateTime":"2026-09-17T19:15:40.586428768Z","labels":{"deployment-scheduled":"true","firebase-functions-hash":"b55280094db3eb2e6437c8e974a5ff850e64a123","deployment-tool":"cli-firebase"},"environment":"GEN_2","url":"https://us-central1-blu-app-camara.cloudfunctions.net/administrativeDailyAlerts","createTime":"2026-09-17T19:15:27.610206485Z","satisfiesPzi":true},{"name":"projects/blu-app-camara/locations/us-central1/functions/startTvCamaraTranscription","buildConfig":{"build":"projects/1070248841383/locations/us-central1/builds/3b235412-0a47-4430-9352-2613a790ab84","runtime":"nodejs22","entryPoint":"startTvCamaraTranscription","source":{"storageSource":{"bucket":"gcf-v2-sources-1070248841383-us-central1","object":"startTvCamaraTranscription/function-source.zip","generation":"1790286004678728"}},"environmentVariables":{"GOOGLE_NODE_RUN_SCRIPTS":""},"dockerRepository":"projects/blu-app-camara/locations/us-central1/repositories/gcf-artifacts","sourceProvenance":{"resolvedStorageSource":{"bucket":"gcf-v2-sources-1070248841383-us-central1","object":"startTvCamaraTranscription/function-source.zip","generation":"1790286004678728"}},"dockerRegistry":"ARTIFACT_REGISTRY","serviceAccount":"projects/blu-app-camara/serviceAccounts/1070248841383-compute@developer.gserviceaccount.com","automaticUpdatePolicy":{}},"serviceConfig":{"service":"projects/blu-app-camara/locations/us-central1/services/starttvcamaratranscription","timeoutSeconds":60,"environmentVariables":{"GMAIL_EMAIL":"blutecnologiasbr@gmail.com","FIREBASE_CONFIG":"{\"projectId\":\"blu-app-camara\",\"databaseURL\":\"https://blu-app-camara-default-rtdb.firebaseio.com\",\"storageBucket\":\"blu-app-camara.firebasestorage.app\"}","GCLOUD_PROJECT":"blu-app-camara","EVENTARC_CLOUD_EVENT_SOURCE":"projects/blu-app-camara/locations/us-central1/services/startTvCamaraTranscription","FUNCTION_TARGET":"startTvCamaraTranscription","LOG_EXECUTION_ID":"true"},"maxInstanceCount":3,"ingressSettings":"ALLOW_ALL","uri":"https://starttvcamaratranscription-ncrh4bwrmq-uc.a.run.app","serviceAccountEmail":"1070248841383-compute@developer.gserviceaccount.com","availableMemory":"256Mi","allTrafficOnLatestRevision":true,"revision":"starttvcamaratranscription-00004-biw","maxInstanceRequestConcurrency":80,"availableCpu":"1"},"state":"ACTIVE","updateTime":"2026-09-24T21:40:52.569370118Z","labels":{"deployment-tool":"cli-firebase","deployment-callable":"true","firebase-functions-hash":"9121333a224665703618c2147722ad92fde0fca1"},"environment":"GEN_2","url":"https://us-central1-blu-app-camara.cloudfunctions.net/startTvCamaraTranscription","createTime":"2026-09-24T17:36:13.996240188Z","satisfiesPzi":true},{"name":"projects/blu-app-camara/locations/us-central1/functions/administrativeCommand","buildConfig":{"build":"projects/1070248841383/locations/us-central1/builds/1d3e332d-e84b-4989-b928-6f326654c1f1","runtime":"nodejs22","entryPoint":"administrativeCommand","source":{"storageSource":{"bucket":"gcf-v2-sources-1070248841383-us-central1","object":"administrativeCommand/function-source.zip","generation":"1789678493573593"}},"environmentVariables":{"GOOGLE_NODE_RUN_SCRIPTS":""},"dockerRepository":"projects/blu-app-camara/locations/us-central1/repositories/gcf-artifacts","sourceProvenance":{"resolvedStorageSource":{"bucket":"gcf-v2-sources-1070248841383-us-central1","object":"administrativeCommand/function-source.zip","generation":"1789678493573593"}},"dockerRegistry":"ARTIFACT_REGISTRY","serviceAccount":"projects/blu-app-camara/serviceAccounts/1070248841383-compute@developer.gserviceaccount.com","automaticUpdatePolicy":{}},"serviceConfig":{"service":"projects/blu-app-camara/locations/us-central1/services/administrativecommand","timeoutSeconds":60,"environmentVariables":{"GMAIL_EMAIL":"blutecnologiasbr@gmail.com","FIREBASE_CONFIG":"{\"projectId\":\"blu-app-camara\",\"databaseURL\":\"https://blu-app-camara-default-rtdb.firebaseio.com\",\"storageBucket\":\"blu-app-camara.firebasestorage.app\"}","GCLOUD_PROJECT":"blu-app-camara","EVENTARC_CLOUD_EVENT_SOURCE":"projects/blu-app-camara/locations/us-central1/services/administrativeCommand","FUNCTION_TARGET":"administrativeCommand","LOG_EXECUTION_ID":"true"},"maxInstanceCount":3,"ingressSettings":"ALLOW_ALL","uri":"https://administrativecommand-ncrh4bwrmq-uc.a.run.app","serviceAccountEmail":"1070248841383-compute@developer.gserviceaccount.com","availableMemory":"256Mi","allTrafficOnLatestRevision":true,"revision":"administrativecommand-00003-new","maxInstanceRequestConcurrency":80,"availableCpu":"1"},"state":"ACTIVE","updateTime":"2026-09-17T20:55:47.063749176Z","labels":{"deployment-tool":"cli-firebase","deployment-callable":"true","firebase-functions-hash":"27b387e3913b32856aecdc33563e35c4145cbac8"},"environment":"GEN_2","url":"https://us-central1-blu-app-camara.cloudfunctions.net/administrativeCommand","createTime":"2026-09-17T19:15:28.284692236Z","satisfiesPzi":true},{"name":"projects/blu-app-camara/locations/us-central1/functions/invokeYoutubeFunction","buildConfig":{"build":"projects/1070248841383/locations/us-central1/builds/27969b07-60fc-46b7-8750-55730af2308a","runtime":"nodejs22","entryPoint":"invokeYoutubeFunction","source":{"storageSource":{"bucket":"gcf-v2-sources-1070248841383-us-central1","object":"invokeYoutubeFunction/function-source.zip","generation":"1789672571825898"}},"environmentVariables":{"GOOGLE_NODE_RUN_SCRIPTS":""},"dockerRepository":"projects/blu-app-camara/locations/us-central1/repositories/gcf-artifacts","serviceAccount":"projects/blu-app-camara/serviceAccounts/1070248841383-compute@developer.gserviceaccount.com","automaticUpdatePolicy":{}},"serviceConfig":{"service":"projects/blu-app-camara/locations/us-central1/services/invokeyoutubefunction","timeoutSeconds":60,"environmentVariables":{"GMAIL_EMAIL":"blutecnologiasbr@gmail.com","FIREBASE_CONFIG":"{\"projectId\":\"blu-app-camara\",\"databaseURL\":\"https://blu-app-camara-default-rtdb.firebaseio.com\",\"storageBucket\":\"blu-app-camara.firebasestorage.app\"}","GCLOUD_PROJECT":"blu-app-camara","EVENTARC_CLOUD_EVENT_SOURCE":"projects/blu-app-camara/locations/us-central1/services/invokeYoutubeFunction","FUNCTION_TARGET":"invokeYoutubeFunction","LOG_EXECUTION_ID":"true","FUNCTION_SIGNATURE_TYPE":"http"},"maxInstanceCount":3,"ingressSettings":"ALLOW_ALL","uri":"https://invokeyoutubefunction-ncrh4bwrmq-uc.a.run.app","serviceAccountEmail":"1070248841383-compute@developer.gserviceaccount.com","availableMemory":"256Mi","allTrafficOnLatestRevision":true,"revision":"invokeyoutubefunction-00010-qur","maxInstanceRequestConcurrency":80,"availableCpu":"1"},"state":"ACTIVE","updateTime":"2026-09-17T19:16:26.762070174Z","labels":{"deployment-tool":"cli-firebase","firebase-functions-hash":"b55280094db3eb2e6437c8e974a5ff850e64a123"},"environment":"GEN_2","url":"https://us-central1-blu-app-camara.cloudfunctions.net/invokeYoutubeFunction","createTime":"2026-06-19T16:38:20.964484301Z","satisfiesPzi":true},{"name":"projects/blu-app-camara/locations/us-central1/functions/notificarAgendamentosDoDia","buildConfig":{"build":"projects/1070248841383/locations/us-central1/builds/27969b07-60fc-46b7-8750-55730af2308a","runtime":"nodejs22","entryPoint":"notificarAgendamentosDoDia","source":{"storageSource":{"bucket":"gcf-v2-sources-1070248841383-us-central1","object":"notificarAgendamentosDoDia/function-source.zip","generation":"1789672527984582"}},"environmentVariables":{"GOOGLE_NODE_RUN_SCRIPTS":""},"dockerRepository":"projects/blu-app-camara/locations/us-central1/repositories/gcf-artifacts","sourceProvenance":{"resolvedStorageSource":{"bucket":"gcf-v2-sources-1070248841383-us-central1","object":"notificarAgendamentosDoDia/function-source.zip","generation":"1789672527984582"}},"dockerRegistry":"ARTIFACT_REGISTRY","serviceAccount":"projects/blu-app-camara/serviceAccounts/1070248841383-compute@developer.gserviceaccount.com","automaticUpdatePolicy":{}},"serviceConfig":{"service":"projects/blu-app-camara/locations/us-central1/services/notificaragendamentosdodia","timeoutSeconds":60,"environmentVariables":{"GMAIL_EMAIL":"blutecnologiasbr@gmail.com","FIREBASE_CONFIG":"{\"projectId\":\"blu-app-camara\",\"databaseURL\":\"https://blu-app-camara-default-rtdb.firebaseio.com\",\"storageBucket\":\"blu-app-camara.firebasestorage.app\"}","GCLOUD_PROJECT":"blu-app-camara","EVENTARC_CLOUD_EVENT_SOURCE":"projects/blu-app-camara/locations/us-central1/services/notificarAgendamentosDoDia","FUNCTION_TARGET":"notificarAgendamentosDoDia","LOG_EXECUTION_ID":"true","FUNCTION_SIGNATURE_TYPE":"http"},"maxInstanceCount":3,"ingressSettings":"ALLOW_ALL","uri":"https://notificaragendamentosdodia-ncrh4bwrmq-uc.a.run.app","serviceAccountEmail":"1070248841383-compute@developer.gserviceaccount.com","availableMemory":"256Mi","allTrafficOnLatestRevision":true,"revision":"notificaragendamentosdodia-00006-wip","maxInstanceRequestConcurrency":80,"availableCpu":"1"},"state":"ACTIVE","updateTime":"2026-09-17T19:15:43.644986158Z","labels":{"firebase-functions-hash":"b55280094db3eb2e6437c8e974a5ff850e64a123","deployment-tool":"cli-firebase","deployment-scheduled":"true"},"environment":"GEN_2","url":"https://us-central1-blu-app-camara.cloudfunctions.net/notificarAgendamentosDoDia","createTime":"2026-08-13T19:14:58.436423629Z","satisfiesPzi":true},{"name":"projects/blu-app-camara/locations/us-central1/functions/atualizarPlaylistYoutubeAutomatico","buildConfig":{"build":"projects/1070248841383/locations/us-central1/builds/27969b07-60fc-46b7-8750-55730af2308a","runtime":"nodejs22","entryPoint":"atualizarPlaylistYoutubeAutomatico","source":{"storageSource":{"bucket":"gcf-v2-sources-1070248841383-us-central1","object":"atualizarPlaylistYoutubeAutomatico/function-source.zip","generation":"1789672527997656"}},"environmentVariables":{"GOOGLE_NODE_RUN_SCRIPTS":""},"dockerRepository":"projects/blu-app-camara/locations/us-central1/repositories/gcf-artifacts","sourceProvenance":{"resolvedStorageSource":{"bucket":"gcf-v2-sources-1070248841383-us-central1","object":"atualizarPlaylistYoutubeAutomatico/function-source.zip","generation":"1789672527997656"}},"dockerRegistry":"ARTIFACT_REGISTRY","serviceAccount":"projects/blu-app-camara/serviceAccounts/1070248841383-compute@developer.gserviceaccount.com","automaticUpdatePolicy":{}},"serviceConfig":{"service":"projects/blu-app-camara/locations/us-central1/services/atualizarplaylistyoutubeautomatico","timeoutSeconds":60,"environmentVariables":{"GMAIL_EMAIL":"blutecnologiasbr@gmail.com","FIREBASE_CONFIG":"{\"projectId\":\"blu-app-camara\",\"databaseURL\":\"https://blu-app-camara-default-rtdb.firebaseio.com\",\"storageBucket\":\"blu-app-camara.firebasestorage.app\"}","GCLOUD_PROJECT":"blu-app-camara","EVENTARC_CLOUD_EVENT_SOURCE":"projects/blu-app-camara/locations/us-central1/services/atualizarPlaylistYoutubeAutomatico","FUNCTION_TARGET":"atualizarPlaylistYoutubeAutomatico","LOG_EXECUTION_ID":"true","FUNCTION_SIGNATURE_TYPE":"http"},"maxInstanceCount":3,"ingressSettings":"ALLOW_ALL","uri":"https://atualizarplaylistyoutubeautomatico-ncrh4bwrmq-uc.a.run.app","serviceAccountEmail":"1070248841383-compute@developer.gserviceaccount.com","availableMemory":"256Mi","allTrafficOnLatestRevision":true,"revision":"atualizarplaylistyoutubeautomatico-00009-juk","maxInstanceRequestConcurrency":80,"availableCpu":"1"},"state":"ACTIVE","updateTime":"2026-09-17T19:15:39.701118492Z","labels":{"deployment-tool":"cli-firebase","deployment-scheduled":"true","firebase-functions-hash":"b55280094db3eb2e6437c8e974a5ff850e64a123"},"environment":"GEN_2","url":"https://us-central1-blu-app-camara.cloudfunctions.net/atualizarPlaylistYoutubeAutomatico","createTime":"2026-06-19T16:38:20.978243938Z","satisfiesPzi":true},{"name":"projects/blu-app-camara/locations/us-central1/functions/sendMailOnNewRequest","buildConfig":{"build":"projects/1070248841383/locations/us-central1/builds/27969b07-60fc-46b7-8750-55730af2308a","runtime":"nodejs22","entryPoint":"sendMailOnNewRequest","source":{"storageSource":{"bucket":"gcf-v2-sources-1070248841383-us-central1","object":"sendMailOnNewRequest/function-source.zip","generation":"1789672528513626"}},"environmentVariables":{"GOOGLE_NODE_RUN_SCRIPTS":""},"dockerRepository":"projects/blu-app-camara/locations/us-central1/repositories/gcf-artifacts","serviceAccount":"projects/blu-app-camara/serviceAccounts/1070248841383-compute@developer.gserviceaccount.com","automaticUpdatePolicy":{}},"serviceConfig":{"service":"projects/blu-app-camara/locations/us-central1/services/sendmailonnewrequest","timeoutSeconds":60,"environmentVariables":{"GMAIL_EMAIL":"blutecnologiasbr@gmail.com","FIREBASE_CONFIG":"{\"projectId\":\"blu-app-camara\",\"databaseURL\":\"https://blu-app-camara-default-rtdb.firebaseio.com\",\"storageBucket\":\"blu-app-camara.firebasestorage.app\"}","GCLOUD_PROJECT":"blu-app-camara","EVENTARC_CLOUD_EVENT_SOURCE":"projects/blu-app-camara/locations/us-central1/services/sendMailOnNewRequest","FUNCTION_SIGNATURE_TYPE":"cloudevent","FUNCTION_TARGET":"sendMailOnNewRequest","LOG_EXECUTION_ID":"true"},"maxInstanceCount":3,"ingressSettings":"ALLOW_ALL","uri":"https://sendmailonnewrequest-ncrh4bwrmq-uc.a.run.app","serviceAccountEmail":"1070248841383-compute@developer.gserviceaccount.com","availableMemory":"256Mi","allTrafficOnLatestRevision":true,"secretEnvironmentVariables":[{"key":"GMAIL_APP_PASSWORD","projectId":"blu-app-camara","secret":"GMAIL_APP_PASSWORD","version":"1"}],"revision":"sendmailonnewrequest-00028-nel","maxInstanceRequestConcurrency":80,"availableCpu":"1"},"eventTrigger":{"trigger":"projects/blu-app-camara/locations/nam5/triggers/sendmailonnewrequest-446377","triggerRegion":"nam5","eventType":"google.cloud.firestore.document.v1.created","eventFilters":[{"attribute":"database","value":"(default)"},{"attribute":"namespace","value":"(default)"},{"attribute":"document","value":"mail/{mailId}","operator":"match-path-pattern"}],"pubsubTopic":"projects/blu-app-camara/topics/eventarc-nam5-sendmailonnewrequest-446377-229","serviceAccountEmail":"1070248841383-compute@developer.gserviceaccount.com","retryPolicy":"RETRY_POLICY_DO_NOT_RETRY"},"state":"ACTIVE","updateTime":"2026-09-17T19:15:43.756512326Z","labels":{"firebase-functions-hash":"b55280094db3eb2e6437c8e974a5ff850e64a123","deployment-tool":"cli-firebase"},"environment":"GEN_2","url":"https://us-central1-blu-app-camara.cloudfunctions.net/sendMailOnNewRequest","createTime":"2026-05-15T19:18:28.768688536Z","satisfiesPzi":true},{"name":"projects/blu-app-camara/locations/us-central1/functions/createConferenceForRemoteCommissionMeeting","buildConfig":{"build":"projects/1070248841383/locations/us-central1/builds/27969b07-60fc-46b7-8750-55730af2308a","runtime":"nodejs22","entryPoint":"createConferenceForRemoteCommissionMeeting","source":{"storageSource":{"bucket":"gcf-v2-sources-1070248841383-us-central1","object":"createConferenceForRemoteCommissionMeeting/function-source.zip","generation":"1789672527916658"}},"environmentVariables":{"GOOGLE_NODE_RUN_SCRIPTS":""},"dockerRepository":"projects/blu-app-camara/locations/us-central1/repositories/gcf-artifacts","sourceProvenance":{"resolvedStorageSource":{"bucket":"gcf-v2-sources-1070248841383-us-central1","object":"createConferenceForRemoteCommissionMeeting/function-source.zip","generation":"1789672527916658"}},"dockerRegistry":"ARTIFACT_REGISTRY","serviceAccount":"projects/blu-app-camara/serviceAccounts/1070248841383-compute@developer.gserviceaccount.com","automaticUpdatePolicy":{}},"serviceConfig":{"service":"projects/blu-app-camara/locations/us-central1/services/createconferenceforremotecommissionmeeting","timeoutSeconds":60,"environmentVariables":{"GMAIL_EMAIL":"blutecnologiasbr@gmail.com","FIREBASE_CONFIG":"{\"projectId\":\"blu-app-camara\",\"databaseURL\":\"https://blu-app-camara-default-rtdb.firebaseio.com\",\"storageBucket\":\"blu-app-camara.firebasestorage.app\"}","GCLOUD_PROJECT":"blu-app-camara","EVENTARC_CLOUD_EVENT_SOURCE":"projects/blu-app-camara/locations/us-central1/services/createConferenceForRemoteCommissionMeeting","FUNCTION_SIGNATURE_TYPE":"cloudevent","FUNCTION_TARGET":"createConferenceForRemoteCommissionMeeting","LOG_EXECUTION_ID":"true"},"ingressSettings":"ALLOW_ALL","uri":"https://createconferenceforremotecommissionmeeting-ncrh4bwrmq-uc.a.run.app","serviceAccountEmail":"1070248841383-compute@developer.gserviceaccount.com","availableMemory":"256Mi","allTrafficOnLatestRevision":true,"revision":"createconferenceforremotecommissionmeeting-00001-xab","maxInstanceRequestConcurrency":80,"availableCpu":"1"},"eventTrigger":{"trigger":"projects/blu-app-camara/locations/nam5/triggers/createconferenceforremotecommissionmeeting-822928","triggerRegion":"nam5","eventType":"google.cloud.firestore.document.v1.created","eventFilters":[{"attribute":"document","value":"legislativo_reunioes_comissao/{meetingId}","operator":"match-path-pattern"},{"attribute":"database","value":"(default)"},{"attribute":"namespace","value":"(default)"}],"pubsubTopic":"projects/blu-app-camara/topics/eventarc-nam5-createconferenceforremotecommissionmeeting-822928-626","serviceAccountEmail":"1070248841383-compute@developer.gserviceaccount.com","retryPolicy":"RETRY_POLICY_DO_NOT_RETRY"},"state":"ACTIVE","updateTime":"2026-09-17T19:15:52.494768638Z","labels":{"deployment-tool":"cli-firebase","firebase-functions-hash":"b55280094db3eb2e6437c8e974a5ff850e64a123"},"environment":"GEN_2","url":"https://us-central1-blu-app-camara.cloudfunctions.net/createConferenceForRemoteCommissionMeeting","createTime":"2026-09-17T19:15:28.213424185Z","satisfiesPzi":true},{"name":"projects/blu-app-camara/locations/us-central1/functions/concluirDocumentosProntosBalcao","buildConfig":{"build":"projects/1070248841383/locations/us-central1/builds/27969b07-60fc-46b7-8750-55730af2308a","runtime":"nodejs22","entryPoint":"concluirDocumentosProntosBalcao","source":{"storageSource":{"bucket":"gcf-v2-sources-1070248841383-us-central1","object":"concluirDocumentosProntosBalcao/function-source.zip","generation":"1789672528519669"}},"environmentVariables":{"GOOGLE_NODE_RUN_SCRIPTS":""},"dockerRepository":"projects/blu-app-camara/locations/us-central1/repositories/gcf-artifacts","sourceProvenance":{"resolvedStorageSource":{"bucket":"gcf-v2-sources-1070248841383-us-central1","object":"concluirDocumentosProntosBalcao/function-source.zip","generation":"1789672528519669"}},"dockerRegistry":"ARTIFACT_REGISTRY","serviceAccount":"projects/blu-app-camara/serviceAccounts/1070248841383-compute@developer.gserviceaccount.com","automaticUpdatePolicy":{}},"serviceConfig":{"service":"projects/blu-app-camara/locations/us-central1/services/concluirdocumentosprontosbalcao","timeoutSeconds":60,"environmentVariables":{"GMAIL_EMAIL":"blutecnologiasbr@gmail.com","FIREBASE_CONFIG":"{\"projectId\":\"blu-app-camara\",\"databaseURL\":\"https://blu-app-camara-default-rtdb.firebaseio.com\",\"storageBucket\":\"blu-app-camara.firebasestorage.app\"}","GCLOUD_PROJECT":"blu-app-camara","EVENTARC_CLOUD_EVENT_SOURCE":"projects/blu-app-camara/locations/us-central1/services/concluirDocumentosProntosBalcao","FUNCTION_TARGET":"concluirDocumentosProntosBalcao","LOG_EXECUTION_ID":"true","FUNCTION_SIGNATURE_TYPE":"http"},"maxInstanceCount":3,"ingressSettings":"ALLOW_ALL","uri":"https://concluirdocumentosprontosbalcao-ncrh4bwrmq-uc.a.run.app","serviceAccountEmail":"1070248841383-compute@developer.gserviceaccount.com","availableMemory":"256Mi","allTrafficOnLatestRevision":true,"revision":"concluirdocumentosprontosbalcao-00003-bel","maxInstanceRequestConcurrency":80,"availableCpu":"1"},"state":"ACTIVE","updateTime":"2026-09-17T19:15:44.924602060Z","labels":{"deployment-tool":"cli-firebase","deployment-scheduled":"true","firebase-functions-hash":"b55280094db3eb2e6437c8e974a5ff850e64a123"},"environment":"GEN_2","url":"https://us-central1-blu-app-camara.cloudfunctions.net/concluirDocumentosProntosBalcao","createTime":"2026-09-09T14:41:36.923179172Z","satisfiesPzi":true},{"name":"projects/blu-app-camara/locations/us-central1/functions/handlePanicAlert","buildConfig":{"build":"projects/1070248841383/locations/us-central1/builds/c3c52dfd-6eef-491e-9188-20a41ea1d9b7","runtime":"nodejs20","entryPoint":"handlePanicAlert","source":{"storageSource":{"bucket":"gcf-v2-sources-1070248841383-us-central1","object":"handlePanicAlert/function-source.zip","generation":"1781889385837380"}},"environmentVariables":{"GOOGLE_NODE_RUN_SCRIPTS":""},"dockerRepository":"projects/blu-app-camara/locations/us-central1/repositories/gcf-artifacts","sourceProvenance":{"resolvedStorageSource":{"bucket":"gcf-v2-sources-1070248841383-us-central1","object":"handlePanicAlert/function-source.zip","generation":"1781889385837380"}},"dockerRegistry":"ARTIFACT_REGISTRY","serviceAccount":"projects/blu-app-camara/serviceAccounts/1070248841383-compute@developer.gserviceaccount.com","automaticUpdatePolicy":{}},"serviceConfig":{"service":"projects/blu-app-camara/locations/us-central1/services/handlepanicalert","timeoutSeconds":60,"environmentVariables":{"GMAIL_EMAIL":"blutecnologiasbr@gmail.com","FIREBASE_CONFIG":"{\"projectId\":\"blu-app-camara\",\"databaseURL\":\"https://blu-app-camara-default-rtdb.firebaseio.com\",\"storageBucket\":\"blu-app-camara.firebasestorage.app\"}","GCLOUD_PROJECT":"blu-app-camara","EVENTARC_CLOUD_EVENT_SOURCE":"projects/blu-app-camara/locations/us-central1/services/handlePanicAlert","FUNCTION_SIGNATURE_TYPE":"cloudevent","FUNCTION_TARGET":"handlePanicAlert","LOG_EXECUTION_ID":"true"},"maxInstanceCount":3,"ingressSettings":"ALLOW_ALL","uri":"https://handlepanicalert-ncrh4bwrmq-uc.a.run.app","serviceAccountEmail":"1070248841383-compute@developer.gserviceaccount.com","availableMemory":"256Mi","allTrafficOnLatestRevision":true,"secretEnvironmentVariables":[{"key":"GMAIL_APP_PASSWORD","projectId":"blu-app-camara","secret":"GMAIL_APP_PASSWORD","version":"1"}],"revision":"handlepanicalert-00004-gip","maxInstanceRequestConcurrency":80,"availableCpu":"1"},"eventTrigger":{"trigger":"projects/blu-app-camara/locations/nam5/triggers/handlepanicalert-836543","triggerRegion":"nam5","eventType":"google.cloud.firestore.document.v1.created","eventFilters":[{"attribute":"namespace","value":"(default)"},{"attribute":"document","value":"panic-alerts/{alertId}","operator":"match-path-pattern"},{"attribute":"database","value":"(default)"}],"pubsubTopic":"projects/blu-app-camara/topics/eventarc-nam5-handlepanicalert-836543-611","serviceAccountEmail":"1070248841383-compute@developer.gserviceaccount.com","retryPolicy":"RETRY_POLICY_DO_NOT_RETRY"},"state":"ACTIVE","updateTime":"2026-09-01T23:33:14.950357414Z","labels":{"deployment-tool":"cli-firebase","firebase-functions-hash":"b6f9b1103040f6e4f5260197515555a326069fb1"},"environment":"GEN_2","url":"https://us-central1-blu-app-camara.cloudfunctions.net/handlePanicAlert","createTime":"2026-06-04T15:10:33.761484812Z","satisfiesPzi":true},{"name":"projects/blu-app-camara/locations/us-central1/functions/processCommand","buildConfig":{"build":"projects/1070248841383/locations/us-central1/builds/48d61859-0996-40c5-a698-03697fc86d58","runtime":"nodejs22","entryPoint":"processCommand","source":{"storageSource":{"bucket":"gcf-v2-sources-1070248841383-us-central1","object":"processCommand/function-source.zip","generation":"1789676060896942"}},"environmentVariables":{"GOOGLE_NODE_RUN_SCRIPTS":""},"dockerRepository":"projects/blu-app-camara/locations/us-central1/repositories/gcf-artifacts","sourceProvenance":{"resolvedStorageSource":{"bucket":"gcf-v2-sources-1070248841383-us-central1","object":"processCommand/function-source.zip","generation":"1789676060896942"}},"dockerRegistry":"ARTIFACT_REGISTRY","serviceAccount":"projects/blu-app-camara/serviceAccounts/1070248841383-compute@developer.gserviceaccount.com","automaticUpdatePolicy":{}},"serviceConfig":{"service":"projects/blu-app-camara/locations/us-central1/services/processcommand","timeoutSeconds":60,"environmentVariables":{"GMAIL_EMAIL":"blutecnologiasbr@gmail.com","FIREBASE_CONFIG":"{\"projectId\":\"blu-app-camara\",\"databaseURL\":\"https://blu-app-camara-default-rtdb.firebaseio.com\",\"storageBucket\":\"blu-app-camara.firebasestorage.app\"}","GCLOUD_PROJECT":"blu-app-camara","EVENTARC_CLOUD_EVENT_SOURCE":"projects/blu-app-camara/locations/us-central1/services/processCommand","FUNCTION_TARGET":"processCommand","LOG_EXECUTION_ID":"true"},"maxInstanceCount":1,"ingressSettings":"ALLOW_ALL","uri":"https://processcommand-ncrh4bwrmq-uc.a.run.app","serviceAccountEmail":"1070248841383-compute@developer.gserviceaccount.com","availableMemory":"256Mi","allTrafficOnLatestRevision":true,"revision":"processcommand-00008-saj","maxInstanceRequestConcurrency":1,"availableCpu":"0.1666"},"state":"ACTIVE","updateTime":"2026-09-17T20:15:33.313690157Z","labels":{"deployment-tool":"cli-firebase","deployment-callable":"true","firebase-functions-hash":"2c0009aea31516ced0fa375937fc44af8c68aaad"},"environment":"GEN_2","url":"https://us-central1-blu-app-camara.cloudfunctions.net/processCommand","createTime":"2026-09-17T19:15:28.322457202Z","satisfiesPzi":true},{"name":"projects/blu-app-camara/locations/us-central1/functions/generateNews","buildConfig":{"build":"projects/1070248841383/locations/us-central1/builds/27969b07-60fc-46b7-8750-55730af2308a","runtime":"nodejs22","entryPoint":"generateNews","source":{"storageSource":{"bucket":"gcf-v2-sources-1070248841383-us-central1","object":"generateNews/function-source.zip","generation":"1789672528540186"}},"environmentVariables":{"GOOGLE_NODE_RUN_SCRIPTS":""},"dockerRepository":"projects/blu-app-camara/locations/us-central1/repositories/gcf-artifacts","serviceAccount":"projects/blu-app-camara/serviceAccounts/1070248841383-compute@developer.gserviceaccount.com","automaticUpdatePolicy":{}},"serviceConfig":{"service":"projects/blu-app-camara/locations/us-central1/services/generatenews","timeoutSeconds":60,"environmentVariables":{"GMAIL_EMAIL":"blutecnologiasbr@gmail.com","FIREBASE_CONFIG":"{\"projectId\":\"blu-app-camara\",\"databaseURL\":\"https://blu-app-camara-default-rtdb.firebaseio.com\",\"storageBucket\":\"blu-app-camara.firebasestorage.app\"}","GCLOUD_PROJECT":"blu-app-camara","EVENTARC_CLOUD_EVENT_SOURCE":"projects/blu-app-camara/locations/us-central1/services/generateNews","FUNCTION_TARGET":"generateNews","LOG_EXECUTION_ID":"true","FUNCTION_SIGNATURE_TYPE":"http"},"maxInstanceCount":3,"ingressSettings":"ALLOW_ALL","uri":"https://generatenews-ncrh4bwrmq-uc.a.run.app","serviceAccountEmail":"1070248841383-compute@developer.gserviceaccount.com","availableMemory":"256Mi","allTrafficOnLatestRevision":true,"revision":"generatenews-00009-peg","maxInstanceRequestConcurrency":80,"availableCpu":"1"},"state":"ACTIVE","updateTime":"2026-09-17T19:16:28.285770681Z","labels":{"deployment-tool":"cli-firebase","firebase-functions-hash":"b55280094db3eb2e6437c8e974a5ff850e64a123"},"environment":"GEN_2","url":"https://us-central1-blu-app-camara.cloudfunctions.net/generateNews","createTime":"2026-06-11T02:42:04.473523395Z","satisfiesPzi":true},{"name":"projects/blu-app-camara/locations/us-central1/functions/getAdminAuthUserCount","buildConfig":{"build":"projects/1070248841383/locations/us-central1/builds/27969b07-60fc-46b7-8750-55730af2308a","runtime":"nodejs22","entryPoint":"getAdminAuthUserCount","source":{"storageSource":{"bucket":"gcf-v2-sources-1070248841383-us-central1","object":"getAdminAuthUserCount/function-source.zip","generation":"1789672529506006"}},"environmentVariables":{"GOOGLE_NODE_RUN_SCRIPTS":""},"dockerRepository":"projects/blu-app-camara/locations/us-central1/repositories/gcf-artifacts","sourceProvenance":{"resolvedStorageSource":{"bucket":"gcf-v2-sources-1070248841383-us-central1","object":"getAdminAuthUserCount/function-source.zip","generation":"1789672529506006"}},"dockerRegistry":"ARTIFACT_REGISTRY","serviceAccount":"projects/blu-app-camara/serviceAccounts/1070248841383-compute@developer.gserviceaccount.com","automaticUpdatePolicy":{}},"serviceConfig":{"service":"projects/blu-app-camara/locations/us-central1/services/getadminauthusercount","timeoutSeconds":60,"environmentVariables":{"GMAIL_EMAIL":"blutecnologiasbr@gmail.com","FIREBASE_CONFIG":"{\"projectId\":\"blu-app-camara\",\"databaseURL\":\"https://blu-app-camara-default-rtdb.firebaseio.com\",\"storageBucket\":\"blu-app-camara.firebasestorage.app\"}","GCLOUD_PROJECT":"blu-app-camara","EVENTARC_CLOUD_EVENT_SOURCE":"projects/blu-app-camara/locations/us-central1/services/getAdminAuthUserCount","FUNCTION_TARGET":"getAdminAuthUserCount","LOG_EXECUTION_ID":"true","FUNCTION_SIGNATURE_TYPE":"http"},"maxInstanceCount":3,"ingressSettings":"ALLOW_ALL","uri":"https://getadminauthusercount-ncrh4bwrmq-uc.a.run.app","serviceAccountEmail":"1070248841383-compute@developer.gserviceaccount.com","availableMemory":"256Mi","allTrafficOnLatestRevision":true,"revision":"getadminauthusercount-00006-xol","maxInstanceRequestConcurrency":80,"availableCpu":"1"},"state":"ACTIVE","updateTime":"2026-09-17T19:15:39.863044618Z","labels":{"deployment-tool":"cli-firebase","firebase-functions-hash":"b55280094db3eb2e6437c8e974a5ff850e64a123"},"environment":"GEN_2","url":"https://us-central1-blu-app-camara.cloudfunctions.net/getAdminAuthUserCount","createTime":"2026-08-13T16:31:43.022274208Z","satisfiesPzi":true},{"name":"projects/blu-app-camara/locations/us-central1/functions/verificarVideosTvCamaraAutomatico","buildConfig":{"build":"projects/1070248841383/locations/us-central1/builds/27969b07-60fc-46b7-8750-55730af2308a","runtime":"nodejs22","entryPoint":"verificarVideosTvCamaraAutomatico","source":{"storageSource":{"bucket":"gcf-v2-sources-1070248841383-us-central1","object":"verificarVideosTvCamaraAutomatico/function-source.zip","generation":"1789672527832290"}},"environmentVariables":{"GOOGLE_NODE_RUN_SCRIPTS":""},"dockerRepository":"projects/blu-app-camara/locations/us-central1/repositories/gcf-artifacts","sourceProvenance":{"resolvedStorageSource":{"bucket":"gcf-v2-sources-1070248841383-us-central1","object":"verificarVideosTvCamaraAutomatico/function-source.zip","generation":"1789672527832290"}},"dockerRegistry":"ARTIFACT_REGISTRY","serviceAccount":"projects/blu-app-camara/serviceAccounts/1070248841383-compute@developer.gserviceaccount.com","automaticUpdatePolicy":{}},"serviceConfig":{"service":"projects/blu-app-camara/locations/us-central1/services/verificarvideostvcamaraautomatico","timeoutSeconds":60,"environmentVariables":{"GMAIL_EMAIL":"blutecnologiasbr@gmail.com","FIREBASE_CONFIG":"{\"projectId\":\"blu-app-camara\",\"databaseURL\":\"https://blu-app-camara-default-rtdb.firebaseio.com\",\"storageBucket\":\"blu-app-camara.firebasestorage.app\"}","GCLOUD_PROJECT":"blu-app-camara","EVENTARC_CLOUD_EVENT_SOURCE":"projects/blu-app-camara/locations/us-central1/services/verificarVideosTvCamaraAutomatico","FUNCTION_TARGET":"verificarVideosTvCamaraAutomatico","LOG_EXECUTION_ID":"true","FUNCTION_SIGNATURE_TYPE":"http"},"maxInstanceCount":3,"ingressSettings":"ALLOW_ALL","uri":"https://verificarvideostvcamaraautomatico-ncrh4bwrmq-uc.a.run.app","serviceAccountEmail":"1070248841383-compute@developer.gserviceaccount.com","availableMemory":"256Mi","allTrafficOnLatestRevision":true,"revision":"verificarvideostvcamaraautomatico-00009-xuk","maxInstanceRequestConcurrency":80,"availableCpu":"1"},"state":"ACTIVE","updateTime":"2026-09-17T19:15:37.391035924Z","labels":{"deployment-tool":"cli-firebase","deployment-scheduled":"true","firebase-functions-hash":"b55280094db3eb2e6437c8e974a5ff850e64a123"},"environment":"GEN_2","url":"https://us-central1-blu-app-camara.cloudfunctions.net/verificarVideosTvCamaraAutomatico","createTime":"2026-06-19T16:38:21.481236417Z","satisfiesPzi":true},{"name":"projects/blu-app-camara/locations/us-central1/functions/processTvCamaraTranscription","buildConfig":{"build":"projects/1070248841383/locations/us-central1/builds/af2a694c-38d4-4100-b9ed-13a986e5ac4b","runtime":"nodejs22","entryPoint":"processTvCamaraTranscription","source":{"storageSource":{"bucket":"gcf-v2-sources-1070248841383-us-central1","object":"processTvCamaraTranscription/function-source.zip","generation":"1790286004849760"}},"environmentVariables":{"GOOGLE_NODE_RUN_SCRIPTS":""},"dockerRepository":"projects/blu-app-camara/locations/us-central1/repositories/gcf-artifacts","sourceProvenance":{"resolvedStorageSource":{"bucket":"gcf-v2-sources-1070248841383-us-central1","object":"processTvCamaraTranscription/function-source.zip","generation":"1790286004849760"}},"dockerRegistry":"ARTIFACT_REGISTRY","serviceAccount":"projects/blu-app-camara/serviceAccounts/1070248841383-compute@developer.gserviceaccount.com","automaticUpdatePolicy":{}},"serviceConfig":{"service":"projects/blu-app-camara/locations/us-central1/services/processtvcamaratranscription","timeoutSeconds":540,"environmentVariables":{"GMAIL_EMAIL":"blutecnologiasbr@gmail.com","FIREBASE_CONFIG":"{\"projectId\":\"blu-app-camara\",\"databaseURL\":\"https://blu-app-camara-default-rtdb.firebaseio.com\",\"storageBucket\":\"blu-app-camara.firebasestorage.app\"}","GCLOUD_PROJECT":"blu-app-camara","EVENTARC_CLOUD_EVENT_SOURCE":"projects/blu-app-camara/locations/us-central1/services/processTvCamaraTranscription","FUNCTION_SIGNATURE_TYPE":"cloudevent","FUNCTION_TARGET":"processTvCamaraTranscription","LOG_EXECUTION_ID":"true"},"maxInstanceCount":3,"ingressSettings":"ALLOW_ALL","uri":"https://processtvcamaratranscription-ncrh4bwrmq-uc.a.run.app","serviceAccountEmail":"1070248841383-compute@developer.gserviceaccount.com","availableMemory":"1024Mi","allTrafficOnLatestRevision":true,"secretEnvironmentVariables":[{"key":"YOUTUBE_CLIENT_ID","projectId":"blu-app-camara","secret":"YOUTUBE_CLIENT_ID","version":"3"},{"key":"YOUTUBE_CLIENT_SECRET","projectId":"blu-app-camara","secret":"YOUTUBE_CLIENT_SECRET","version":"3"}],"revision":"processtvcamaratranscription-00005-pam","maxInstanceRequestConcurrency":80,"availableCpu":"1"},"eventTrigger":{"trigger":"projects/blu-app-camara/locations/nam5/triggers/processtvcamaratranscription-540111","triggerRegion":"nam5","eventType":"google.cloud.firestore.document.v1.created","eventFilters":[{"attribute":"document","value":"tv-camara-transcriptions/{jobId}","operator":"match-path-pattern"},{"attribute":"database","value":"(default)"},{"attribute":"namespace","value":"(default)"}],"pubsubTopic":"projects/blu-app-camara/topics/eventarc-nam5-processtvcamaratranscription-540111-474","serviceAccountEmail":"1070248841383-compute@developer.gserviceaccount.com","retryPolicy":"RETRY_POLICY_DO_NOT_RETRY"},"state":"ACTIVE","updateTime":"2026-09-24T21:41:00.954094600Z","labels":{"deployment-tool":"cli-firebase","firebase-functions-hash":"ba3a11eef7300bc76e2ef5e0854cb39a1247aa92"},"environment":"GEN_2","url":"https://us-central1-blu-app-camara.cloudfunctions.net/processTvCamaraTranscription","createTime":"2026-09-24T17:35:17.642235075Z","satisfiesPzi":true},{"name":"projects/blu-app-camara/locations/us-central1/functions/renovarWebhookYoutubeAutomatico","buildConfig":{"build":"projects/1070248841383/locations/us-central1/builds/27969b07-60fc-46b7-8750-55730af2308a","runtime":"nodejs22","entryPoint":"renovarWebhookYoutubeAutomatico","source":{"storageSource":{"bucket":"gcf-v2-sources-1070248841383-us-central1","object":"renovarWebhookYoutubeAutomatico/function-source.zip","generation":"1789672528423273"}},"environmentVariables":{"GOOGLE_NODE_RUN_SCRIPTS":""},"dockerRepository":"projects/blu-app-camara/locations/us-central1/repositories/gcf-artifacts","serviceAccount":"projects/blu-app-camara/serviceAccounts/1070248841383-compute@developer.gserviceaccount.com","automaticUpdatePolicy":{}},"serviceConfig":{"service":"projects/blu-app-camara/locations/us-central1/services/renovarwebhookyoutubeautomatico","timeoutSeconds":60,"environmentVariables":{"GMAIL_EMAIL":"blutecnologiasbr@gmail.com","FIREBASE_CONFIG":"{\"projectId\":\"blu-app-camara\",\"databaseURL\":\"https://blu-app-camara-default-rtdb.firebaseio.com\",\"storageBucket\":\"blu-app-camara.firebasestorage.app\"}","GCLOUD_PROJECT":"blu-app-camara","EVENTARC_CLOUD_EVENT_SOURCE":"projects/blu-app-camara/locations/us-central1/services/renovarWebhookYoutubeAutomatico","FUNCTION_TARGET":"renovarWebhookYoutubeAutomatico","LOG_EXECUTION_ID":"true","FUNCTION_SIGNATURE_TYPE":"http"},"maxInstanceCount":3,"ingressSettings":"ALLOW_ALL","uri":"https://renovarwebhookyoutubeautomatico-ncrh4bwrmq-uc.a.run.app","serviceAccountEmail":"1070248841383-compute@developer.gserviceaccount.com","availableMemory":"256Mi","allTrafficOnLatestRevision":true,"revision":"renovarwebhookyoutubeautomatico-00009-gaz","maxInstanceRequestConcurrency":80,"availableCpu":"1"},"state":"ACTIVE","updateTime":"2026-09-17T19:15:42.574527960Z","labels":{"deployment-scheduled":"true","firebase-functions-hash":"b55280094db3eb2e6437c8e974a5ff850e64a123","deployment-tool":"cli-firebase"},"environment":"GEN_2","url":"https://us-central1-blu-app-camara.cloudfunctions.net/renovarWebhookYoutubeAutomatico","createTime":"2026-06-19T16:38:21.192025661Z","satisfiesPzi":true},{"name":"projects/blu-app-camara/locations/us-central1/functions/syncYoutubeFunctionLogs","buildConfig":{"build":"projects/1070248841383/locations/us-central1/builds/27969b07-60fc-46b7-8750-55730af2308a","runtime":"nodejs22","entryPoint":"syncYoutubeFunctionLogs","source":{"storageSource":{"bucket":"gcf-v2-sources-1070248841383-us-central1","object":"syncYoutubeFunctionLogs/function-source.zip","generation":"1789672528364440"}},"environmentVariables":{"GOOGLE_NODE_RUN_SCRIPTS":""},"dockerRepository":"projects/blu-app-camara/locations/us-central1/repositories/gcf-artifacts","sourceProvenance":{"resolvedStorageSource":{"bucket":"gcf-v2-sources-1070248841383-us-central1","object":"syncYoutubeFunctionLogs/function-source.zip","generation":"1789672528364440"}},"dockerRegistry":"ARTIFACT_REGISTRY","serviceAccount":"projects/blu-app-camara/serviceAccounts/1070248841383-compute@developer.gserviceaccount.com","automaticUpdatePolicy":{}},"serviceConfig":{"service":"projects/blu-app-camara/locations/us-central1/services/syncyoutubefunctionlogs","timeoutSeconds":60,"environmentVariables":{"GMAIL_EMAIL":"blutecnologiasbr@gmail.com","FIREBASE_CONFIG":"{\"projectId\":\"blu-app-camara\",\"databaseURL\":\"https://blu-app-camara-default-rtdb.firebaseio.com\",\"storageBucket\":\"blu-app-camara.firebasestorage.app\"}","GCLOUD_PROJECT":"blu-app-camara","EVENTARC_CLOUD_EVENT_SOURCE":"projects/blu-app-camara/locations/us-central1/services/syncYoutubeFunctionLogs","FUNCTION_TARGET":"syncYoutubeFunctionLogs","LOG_EXECUTION_ID":"true","FUNCTION_SIGNATURE_TYPE":"http"},"maxInstanceCount":3,"ingressSettings":"ALLOW_ALL","uri":"https://syncyoutubefunctionlogs-ncrh4bwrmq-uc.a.run.app","serviceAccountEmail":"1070248841383-compute@developer.gserviceaccount.com","availableMemory":"256Mi","allTrafficOnLatestRevision":true,"revision":"syncyoutubefunctionlogs-00006-biv","maxInstanceRequestConcurrency":80,"availableCpu":"1"},"state":"ACTIVE","updateTime":"2026-09-17T19:15:38.738533645Z","labels":{"firebase-functions-hash":"b55280094db3eb2e6437c8e974a5ff850e64a123","deployment-tool":"cli-firebase"},"environment":"GEN_2","url":"https://us-central1-blu-app-camara.cloudfunctions.net/syncYoutubeFunctionLogs","createTime":"2026-08-02T20:32:53.609735002Z","satisfiesPzi":true},{"name":"projects/blu-app-camara/locations/us-central1/functions/sendPushNotificationFirestore","buildConfig":{"build":"projects/1070248841383/locations/us-central1/builds/fbc0c542-b95c-4dcb-a764-e23a9cf01d5d","runtime":"nodejs20","entryPoint":"sendPushNotificationFirestore","source":{"storageSource":{"bucket":"gcf-v2-sources-1070248841383-us-central1","object":"sendPushNotificationFirestore/function-source.zip","generation":"1781732345655039"}},"environmentVariables":{"GOOGLE_NODE_RUN_SCRIPTS":""},"dockerRepository":"projects/blu-app-camara/locations/us-central1/repositories/gcf-artifacts","sourceProvenance":{"resolvedStorageSource":{"bucket":"gcf-v2-sources-1070248841383-us-central1","object":"sendPushNotificationFirestore/function-source.zip","generation":"1781732345655039"}},"dockerRegistry":"ARTIFACT_REGISTRY","serviceAccount":"projects/blu-app-camara/serviceAccounts/1070248841383-compute@developer.gserviceaccount.com","automaticUpdatePolicy":{}},"serviceConfig":{"service":"projects/blu-app-camara/locations/us-central1/services/sendpushnotificationfirestore","timeoutSeconds":60,"environmentVariables":{"GMAIL_EMAIL":"blutecnologiasbr@gmail.com","FIREBASE_CONFIG":"{\"projectId\":\"blu-app-camara\",\"databaseURL\":\"https://blu-app-camara-default-rtdb.firebaseio.com\",\"storageBucket\":\"blu-app-camara.firebasestorage.app\"}","GCLOUD_PROJECT":"blu-app-camara","EVENTARC_CLOUD_EVENT_SOURCE":"projects/blu-app-camara/locations/us-central1/services/sendPushNotificationFirestore","FUNCTION_SIGNATURE_TYPE":"cloudevent","FUNCTION_TARGET":"sendPushNotificationFirestore","LOG_EXECUTION_ID":"true"},"maxInstanceCount":3,"ingressSettings":"ALLOW_ALL","uri":"https://sendpushnotificationfirestore-ncrh4bwrmq-uc.a.run.app","serviceAccountEmail":"1070248841383-compute@developer.gserviceaccount.com","availableMemory":"256Mi","allTrafficOnLatestRevision":true,"revision":"sendpushnotificationfirestore-00003-gol","maxInstanceRequestConcurrency":80,"availableCpu":"1"},"eventTrigger":{"trigger":"projects/blu-app-camara/locations/nam5/triggers/sendpushnotificationfirestore-711775","triggerRegion":"nam5","eventType":"google.cloud.firestore.document.v1.created","eventFilters":[{"attribute":"database","value":"(default)"},{"attribute":"namespace","value":"(default)"},{"attribute":"document","value":"notifications/{notificationId}","operator":"match-path-pattern"}],"pubsubTopic":"projects/blu-app-camara/topics/eventarc-nam5-sendpushnotificationfirestore-711775-868","serviceAccountEmail":"1070248841383-compute@developer.gserviceaccount.com","retryPolicy":"RETRY_POLICY_DO_NOT_RETRY"},"state":"ACTIVE","updateTime":"2026-09-01T23:33:15.293840320Z","labels":{"firebase-functions-hash":"6b7b19296bea8d211817f4bd2949e0e34b302099","deployment-tool":"cli-firebase"},"environment":"GEN_2","url":"https://us-central1-blu-app-camara.cloudfunctions.net/sendPushNotificationFirestore","createTime":"2026-06-04T15:11:30.493735821Z","satisfiesPzi":true},{"name":"projects/blu-app-camara/locations/us-central1/functions/getVideoConferenceJoinToken","buildConfig":{"build":"projects/1070248841383/locations/us-central1/builds/27969b07-60fc-46b7-8750-55730af2308a","runtime":"nodejs22","entryPoint":"getVideoConferenceJoinToken","source":{"storageSource":{"bucket":"gcf-v2-sources-1070248841383-us-central1","object":"getVideoConferenceJoinToken/function-source.zip","generation":"1789672527354400"}},"environmentVariables":{"GOOGLE_NODE_RUN_SCRIPTS":""},"dockerRepository":"projects/blu-app-camara/locations/us-central1/repositories/gcf-artifacts","sourceProvenance":{"resolvedStorageSource":{"bucket":"gcf-v2-sources-1070248841383-us-central1","object":"getVideoConferenceJoinToken/function-source.zip","generation":"1789672527354400"}},"dockerRegistry":"ARTIFACT_REGISTRY","serviceAccount":"projects/blu-app-camara/serviceAccounts/1070248841383-compute@developer.gserviceaccount.com","automaticUpdatePolicy":{}},"serviceConfig":{"service":"projects/blu-app-camara/locations/us-central1/services/getvideoconferencejointoken","timeoutSeconds":60,"environmentVariables":{"GMAIL_EMAIL":"blutecnologiasbr@gmail.com","FIREBASE_CONFIG":"{\"projectId\":\"blu-app-camara\",\"databaseURL\":\"https://blu-app-camara-default-rtdb.firebaseio.com\",\"storageBucket\":\"blu-app-camara.firebasestorage.app\"}","GCLOUD_PROJECT":"blu-app-camara","EVENTARC_CLOUD_EVENT_SOURCE":"projects/blu-app-camara/locations/us-central1/services/getVideoConferenceJoinToken","FUNCTION_TARGET":"getVideoConferenceJoinToken","LOG_EXECUTION_ID":"true","FUNCTION_SIGNATURE_TYPE":"http"},"ingressSettings":"ALLOW_ALL","uri":"https://getvideoconferencejointoken-ncrh4bwrmq-uc.a.run.app","serviceAccountEmail":"1070248841383-compute@developer.gserviceaccount.com","availableMemory":"256Mi","allTrafficOnLatestRevision":true,"secretEnvironmentVariables":[{"key":"JITSI_JWT_SECRET","projectId":"blu-app-camara","secret":"JITSI_JWT_SECRET","version":"1"}],"revision":"getvideoconferencejointoken-00001-reg","maxInstanceRequestConcurrency":80,"availableCpu":"1"},"state":"ACTIVE","updateTime":"2026-09-17T19:15:37.267804846Z","labels":{"deployment-tool":"cli-firebase","deployment-callable":"true","firebase-functions-hash":"d96d4d7c68658da9a3ef80d55cbea5a6b21f3d86"},"environment":"GEN_2","url":"https://us-central1-blu-app-camara.cloudfunctions.net/getVideoConferenceJoinToken","createTime":"2026-09-17T19:15:27.620115455Z","satisfiesPzi":true},{"name":"projects/blu-app-camara/locations/us-central1/functions/notifyUsersOnNewsPublished","buildConfig":{"build":"projects/1070248841383/locations/us-central1/builds/27969b07-60fc-46b7-8750-55730af2308a","runtime":"nodejs22","entryPoint":"notifyUsersOnNewsPublished","source":{"storageSource":{"bucket":"gcf-v2-sources-1070248841383-us-central1","object":"notifyUsersOnNewsPublished/function-source.zip","generation":"1789672528626372"}},"environmentVariables":{"GOOGLE_NODE_RUN_SCRIPTS":""},"dockerRepository":"projects/blu-app-camara/locations/us-central1/repositories/gcf-artifacts","sourceProvenance":{"resolvedStorageSource":{"bucket":"gcf-v2-sources-1070248841383-us-central1","object":"notifyUsersOnNewsPublished/function-source.zip","generation":"1789672528626372"}},"dockerRegistry":"ARTIFACT_REGISTRY","serviceAccount":"projects/blu-app-camara/serviceAccounts/1070248841383-compute@developer.gserviceaccount.com","automaticUpdatePolicy":{}},"serviceConfig":{"service":"projects/blu-app-camara/locations/us-central1/services/notifyusersonnewspublished","timeoutSeconds":60,"environmentVariables":{"GMAIL_EMAIL":"blutecnologiasbr@gmail.com","FIREBASE_CONFIG":"{\"projectId\":\"blu-app-camara\",\"databaseURL\":\"https://blu-app-camara-default-rtdb.firebaseio.com\",\"storageBucket\":\"blu-app-camara.firebasestorage.app\"}","GCLOUD_PROJECT":"blu-app-camara","EVENTARC_CLOUD_EVENT_SOURCE":"projects/blu-app-camara/locations/us-central1/services/notifyUsersOnNewsPublished","FUNCTION_SIGNATURE_TYPE":"cloudevent","FUNCTION_TARGET":"notifyUsersOnNewsPublished","LOG_EXECUTION_ID":"true"},"maxInstanceCount":3,"ingressSettings":"ALLOW_ALL","uri":"https://notifyusersonnewspublished-ncrh4bwrmq-uc.a.run.app","serviceAccountEmail":"1070248841383-compute@developer.gserviceaccount.com","availableMemory":"256Mi","allTrafficOnLatestRevision":true,"revision":"notifyusersonnewspublished-00021-now","maxInstanceRequestConcurrency":80,"availableCpu":"1"},"eventTrigger":{"trigger":"projects/blu-app-camara/locations/nam5/triggers/notifyusersonnewspublished-795205","triggerRegion":"nam5","eventType":"google.cloud.firestore.document.v1.written","eventFilters":[{"attribute":"database","value":"(default)"},{"attribute":"namespace","value":"(default)"},{"attribute":"document","value":"noticias/{noticiaId}","operator":"match-path-pattern"}],"pubsubTopic":"projects/blu-app-camara/topics/eventarc-nam5-notifyusersonnewspublished-795205-570","serviceAccountEmail":"1070248841383-compute@developer.gserviceaccount.com","retryPolicy":"RETRY_POLICY_DO_NOT_RETRY"},"state":"ACTIVE","updateTime":"2026-09-17T19:16:26.514908198Z","labels":{"deployment-tool":"cli-firebase","firebase-functions-hash":"b55280094db3eb2e6437c8e974a5ff850e64a123"},"environment":"GEN_2","url":"https://us-central1-blu-app-camara.cloudfunctions.net/notifyUsersOnNewsPublished","createTime":"2026-06-01T18:18:24.300648911Z","satisfiesPzi":true},{"name":"projects/blu-app-camara/locations/us-central1/functions/onBalcaoCidadaoUpdate","buildConfig":{"build":"projects/1070248841383/locations/us-central1/builds/fbc0c542-b95c-4dcb-a764-e23a9cf01d5d","runtime":"nodejs20","entryPoint":"onBalcaoCidadaoUpdate","source":{"storageSource":{"bucket":"gcf-v2-sources-1070248841383-us-central1","object":"onBalcaoCidadaoUpdate/function-source.zip","generation":"1781732345654568"}},"environmentVariables":{"GOOGLE_NODE_RUN_SCRIPTS":""},"dockerRepository":"projects/blu-app-camara/locations/us-central1/repositories/gcf-artifacts","sourceProvenance":{"resolvedStorageSource":{"bucket":"gcf-v2-sources-1070248841383-us-central1","object":"onBalcaoCidadaoUpdate/function-source.zip","generation":"1781732345654568"}},"dockerRegistry":"ARTIFACT_REGISTRY","serviceAccount":"projects/blu-app-camara/serviceAccounts/1070248841383-compute@developer.gserviceaccount.com","automaticUpdatePolicy":{}},"serviceConfig":{"service":"projects/blu-app-camara/locations/us-central1/services/onbalcaocidadaoupdate","timeoutSeconds":60,"environmentVariables":{"GMAIL_EMAIL":"blutecnologiasbr@gmail.com","FIREBASE_CONFIG":"{\"projectId\":\"blu-app-camara\",\"databaseURL\":\"https://blu-app-camara-default-rtdb.firebaseio.com\",\"storageBucket\":\"blu-app-camara.firebasestorage.app\"}","GCLOUD_PROJECT":"blu-app-camara","EVENTARC_CLOUD_EVENT_SOURCE":"projects/blu-app-camara/locations/us-central1/services/onBalcaoCidadaoUpdate","FUNCTION_SIGNATURE_TYPE":"cloudevent","FUNCTION_TARGET":"onBalcaoCidadaoUpdate","LOG_EXECUTION_ID":"true"},"maxInstanceCount":3,"ingressSettings":"ALLOW_ALL","uri":"https://onbalcaocidadaoupdate-ncrh4bwrmq-uc.a.run.app","serviceAccountEmail":"1070248841383-compute@developer.gserviceaccount.com","availableMemory":"256Mi","allTrafficOnLatestRevision":true,"revision":"onbalcaocidadaoupdate-00003-siq","maxInstanceRequestConcurrency":80,"availableCpu":"1"},"eventTrigger":{"trigger":"projects/blu-app-camara/locations/nam5/triggers/onbalcaocidadaoupdate-661092","triggerRegion":"nam5","eventType":"google.cloud.firestore.document.v1.updated","eventFilters":[{"attribute":"document","value":"balcao-cidadao/{id}","operator":"match-path-pattern"},{"attribute":"database","value":"(default)"},{"attribute":"namespace","value":"(default)"}],"pubsubTopic":"projects/blu-app-camara/topics/eventarc-nam5-onbalcaocidadaoupdate-661092-827","serviceAccountEmail":"1070248841383-compute@developer.gserviceaccount.com","retryPolicy":"RETRY_POLICY_DO_NOT_RETRY"},"state":"ACTIVE","updateTime":"2026-09-01T23:33:15.444404392Z","labels":{"deployment-tool":"cli-firebase","firebase-functions-hash":"6b7b19296bea8d211817f4bd2949e0e34b302099"},"environment":"GEN_2","url":"https://us-central1-blu-app-camara.cloudfunctions.net/onBalcaoCidadaoUpdate","createTime":"2026-06-04T15:11:30.676075481Z","satisfiesPzi":true},{"name":"projects/blu-app-camara/locations/us-central1/functions/notificarAtualizacaoDemandaVereador","buildConfig":{"build":"projects/1070248841383/locations/us-central1/builds/27969b07-60fc-46b7-8750-55730af2308a","runtime":"nodejs22","entryPoint":"notificarAtualizacaoDemandaVereador","source":{"storageSource":{"bucket":"gcf-v2-sources-1070248841383-us-central1","object":"notificarAtualizacaoDemandaVereador/function-source.zip","generation":"1789672528755237"}},"environmentVariables":{"GOOGLE_NODE_RUN_SCRIPTS":""},"dockerRepository":"projects/blu-app-camara/locations/us-central1/repositories/gcf-artifacts","sourceProvenance":{"resolvedStorageSource":{"bucket":"gcf-v2-sources-1070248841383-us-central1","object":"notificarAtualizacaoDemandaVereador/function-source.zip","generation":"1789672528755237"}},"dockerRegistry":"ARTIFACT_REGISTRY","serviceAccount":"projects/blu-app-camara/serviceAccounts/1070248841383-compute@developer.gserviceaccount.com","automaticUpdatePolicy":{}},"serviceConfig":{"service":"projects/blu-app-camara/locations/us-central1/services/notificaratualizacaodemandavereador","timeoutSeconds":60,"environmentVariables":{"GMAIL_EMAIL":"blutecnologiasbr@gmail.com","FIREBASE_CONFIG":"{\"projectId\":\"blu-app-camara\",\"databaseURL\":\"https://blu-app-camara-default-rtdb.firebaseio.com\",\"storageBucket\":\"blu-app-camara.firebasestorage.app\"}","GCLOUD_PROJECT":"blu-app-camara","EVENTARC_CLOUD_EVENT_SOURCE":"projects/blu-app-camara/locations/us-central1/services/notificarAtualizacaoDemandaVereador","FUNCTION_SIGNATURE_TYPE":"cloudevent","FUNCTION_TARGET":"notificarAtualizacaoDemandaVereador","LOG_EXECUTION_ID":"true"},"maxInstanceCount":3,"ingressSettings":"ALLOW_ALL","uri":"https://notificaratualizacaodemandavereador-ncrh4bwrmq-uc.a.run.app","serviceAccountEmail":"1070248841383-compute@developer.gserviceaccount.com","availableMemory":"256Mi","allTrafficOnLatestRevision":true,"revision":"notificaratualizacaodemandavereador-00002-quj","maxInstanceRequestConcurrency":80,"availableCpu":"1"},"eventTrigger":{"trigger":"projects/blu-app-camara/locations/nam5/triggers/notificaratualizacaodemandavereador-413368","triggerRegion":"nam5","eventType":"google.cloud.firestore.document.v1.updated","eventFilters":[{"attribute":"database","value":"(default)"},{"attribute":"namespace","value":"(default)"},{"attribute":"document","value":"solicitacoes-vereadores/{requestId}","operator":"match-path-pattern"}],"pubsubTopic":"projects/blu-app-camara/topics/eventarc-nam5-notificaratualizacaodemandavereador-413368-959","serviceAccountEmail":"1070248841383-compute@developer.gserviceaccount.com","retryPolicy":"RETRY_POLICY_DO_NOT_RETRY"},"state":"ACTIVE","updateTime":"2026-09-17T19:15:41.425849208Z","labels":{"deployment-tool":"cli-firebase","firebase-functions-hash":"b55280094db3eb2e6437c8e974a5ff850e64a123"},"environment":"GEN_2","url":"https://us-central1-blu-app-camara.cloudfunctions.net/notificarAtualizacaoDemandaVereador","createTime":"2026-09-12T01:52:14.890044879Z","satisfiesPzi":true},{"name":"projects/blu-app-camara/locations/us-central1/functions/publicProcessLookup","buildConfig":{"build":"projects/1070248841383/locations/us-central1/builds/ad2d9971-77da-474c-bc74-105a90a02c54","runtime":"nodejs22","entryPoint":"publicProcessLookup","source":{"storageSource":{"bucket":"gcf-v2-sources-1070248841383-us-central1","object":"publicProcessLookup/function-source.zip","generation":"1789675479687942"}},"environmentVariables":{"GOOGLE_NODE_RUN_SCRIPTS":""},"dockerRepository":"projects/blu-app-camara/locations/us-central1/repositories/gcf-artifacts","sourceProvenance":{"resolvedStorageSource":{"bucket":"gcf-v2-sources-1070248841383-us-central1","object":"publicProcessLookup/function-source.zip","generation":"1789675479687942"}},"dockerRegistry":"ARTIFACT_REGISTRY","serviceAccount":"projects/blu-app-camara/serviceAccounts/1070248841383-compute@developer.gserviceaccount.com","automaticUpdatePolicy":{}},"serviceConfig":{"service":"projects/blu-app-camara/locations/us-central1/services/publicprocesslookup","timeoutSeconds":60,"environmentVariables":{"GMAIL_EMAIL":"blutecnologiasbr@gmail.com","FIREBASE_CONFIG":"{\"projectId\":\"blu-app-camara\",\"databaseURL\":\"https://blu-app-camara-default-rtdb.firebaseio.com\",\"storageBucket\":\"blu-app-camara.firebasestorage.app\"}","GCLOUD_PROJECT":"blu-app-camara","EVENTARC_CLOUD_EVENT_SOURCE":"projects/blu-app-camara/locations/us-central1/services/publicProcessLookup","FUNCTION_TARGET":"publicProcessLookup","LOG_EXECUTION_ID":"true","FUNCTION_SIGNATURE_TYPE":"http"},"maxInstanceCount":1,"ingressSettings":"ALLOW_ALL","uri":"https://publicprocesslookup-ncrh4bwrmq-uc.a.run.app","serviceAccountEmail":"1070248841383-compute@developer.gserviceaccount.com","availableMemory":"256Mi","allTrafficOnLatestRevision":true,"revision":"publicprocesslookup-00003-mis","maxInstanceRequestConcurrency":1,"availableCpu":"0.1666"},"state":"ACTIVE","updateTime":"2026-09-17T20:05:13.739179940Z","labels":{"deployment-callable":"true","firebase-functions-hash":"2bb2add3816bc67aa9e951fdc5b2cdff9693ab81","deployment-tool":"cli-firebase"},"environment":"GEN_2","url":"https://us-central1-blu-app-camara.cloudfunctions.net/publicProcessLookup","createTime":"2026-09-17T19:15:28.373057545Z","satisfiesPzi":true},{"name":"projects/blu-app-camara/locations/us-central1/functions/updateYoutubeRefreshToken","buildConfig":{"build":"projects/1070248841383/locations/us-central1/builds/3b235412-0a47-4430-9352-2613a790ab84","runtime":"nodejs22","entryPoint":"updateYoutubeRefreshToken","source":{"storageSource":{"bucket":"gcf-v2-sources-1070248841383-us-central1","object":"updateYoutubeRefreshToken/function-source.zip","generation":"1790286051165986"}},"environmentVariables":{"GOOGLE_NODE_RUN_SCRIPTS":""},"dockerRepository":"projects/blu-app-camara/locations/us-central1/repositories/gcf-artifacts","sourceProvenance":{"resolvedStorageSource":{"bucket":"gcf-v2-sources-1070248841383-us-central1","object":"updateYoutubeRefreshToken/function-source.zip","generation":"1790286051165986"}},"dockerRegistry":"ARTIFACT_REGISTRY","serviceAccount":"projects/blu-app-camara/serviceAccounts/1070248841383-compute@developer.gserviceaccount.com","automaticUpdatePolicy":{}},"serviceConfig":{"service":"projects/blu-app-camara/locations/us-central1/services/updateyoutuberefreshtoken","timeoutSeconds":60,"environmentVariables":{"GMAIL_EMAIL":"blutecnologiasbr@gmail.com","FIREBASE_CONFIG":"{\"projectId\":\"blu-app-camara\",\"databaseURL\":\"https://blu-app-camara-default-rtdb.firebaseio.com\",\"storageBucket\":\"blu-app-camara.firebasestorage.app\"}","GCLOUD_PROJECT":"blu-app-camara","EVENTARC_CLOUD_EVENT_SOURCE":"projects/blu-app-camara/locations/us-central1/services/updateYoutubeRefreshToken","FUNCTION_TARGET":"updateYoutubeRefreshToken","LOG_EXECUTION_ID":"true","FUNCTION_SIGNATURE_TYPE":"http"},"maxInstanceCount":3,"ingressSettings":"ALLOW_ALL","uri":"https://updateyoutuberefreshtoken-ncrh4bwrmq-uc.a.run.app","serviceAccountEmail":"1070248841383-compute@developer.gserviceaccount.com","availableMemory":"256Mi","allTrafficOnLatestRevision":true,"secretEnvironmentVariables":[{"key":"YOUTUBE_CLIENT_ID","projectId":"blu-app-camara","secret":"YOUTUBE_CLIENT_ID","version":"3"},{"key":"YOUTUBE_CLIENT_SECRET","projectId":"blu-app-camara","secret":"YOUTUBE_CLIENT_SECRET","version":"3"}],"revision":"updateyoutuberefreshtoken-00011-kah","maxInstanceRequestConcurrency":80,"availableCpu":"1"},"state":"ACTIVE","updateTime":"2026-09-24T21:40:59.560721200Z","labels":{"deployment-tool":"cli-firebase","firebase-functions-hash":"ba3a11eef7300bc76e2ef5e0854cb39a1247aa92"},"environment":"GEN_2","url":"https://us-central1-blu-app-camara.cloudfunctions.net/updateYoutubeRefreshToken","createTime":"2026-07-15T17:25:39.186143260Z","satisfiesPzi":true},{"name":"projects/blu-app-camara/locations/us-central1/functions/onTrustedContactWritten","buildConfig":{"build":"projects/1070248841383/locations/us-central1/builds/c3c52dfd-6eef-491e-9188-20a41ea1d9b7","runtime":"nodejs20","entryPoint":"onTrustedContactWritten","source":{"storageSource":{"bucket":"gcf-v2-sources-1070248841383-us-central1","object":"onTrustedContactWritten/function-source.zip","generation":"1781889315703170"}},"environmentVariables":{"GOOGLE_NODE_RUN_SCRIPTS":""},"dockerRepository":"projects/blu-app-camara/locations/us-central1/repositories/gcf-artifacts","sourceProvenance":{"resolvedStorageSource":{"bucket":"gcf-v2-sources-1070248841383-us-central1","object":"onTrustedContactWritten/function-source.zip","generation":"1781889315703170"}},"dockerRegistry":"ARTIFACT_REGISTRY","serviceAccount":"projects/blu-app-camara/serviceAccounts/1070248841383-compute@developer.gserviceaccount.com","automaticUpdatePolicy":{}},"serviceConfig":{"service":"projects/blu-app-camara/locations/us-central1/services/ontrustedcontactwritten","timeoutSeconds":60,"environmentVariables":{"GMAIL_EMAIL":"blutecnologiasbr@gmail.com","FIREBASE_CONFIG":"{\"projectId\":\"blu-app-camara\",\"databaseURL\":\"https://blu-app-camara-default-rtdb.firebaseio.com\",\"storageBucket\":\"blu-app-camara.firebasestorage.app\"}","GCLOUD_PROJECT":"blu-app-camara","EVENTARC_CLOUD_EVENT_SOURCE":"projects/blu-app-camara/locations/us-central1/services/onTrustedContactWritten","FUNCTION_SIGNATURE_TYPE":"cloudevent","FUNCTION_TARGET":"onTrustedContactWritten","LOG_EXECUTION_ID":"true"},"ingressSettings":"ALLOW_ALL","uri":"https://ontrustedcontactwritten-ncrh4bwrmq-uc.a.run.app","serviceAccountEmail":"1070248841383-compute@developer.gserviceaccount.com","availableMemory":"256Mi","allTrafficOnLatestRevision":true,"secretEnvironmentVariables":[{"key":"GMAIL_APP_PASSWORD","projectId":"blu-app-camara","secret":"GMAIL_APP_PASSWORD","version":"1"}],"revision":"ontrustedcontactwritten-00001-gip","maxInstanceRequestConcurrency":80,"availableCpu":"1"},"eventTrigger":{"trigger":"projects/blu-app-camara/locations/nam5/triggers/ontrustedcontactwritten-598953","triggerRegion":"nam5","eventType":"google.cloud.firestore.document.v1.written","eventFilters":[{"attribute":"document","value":"procuradoria-mulher-btn-panico/{userId}","operator":"match-path-pattern"},{"attribute":"database","value":"(default)"},{"attribute":"namespace","value":"(default)"}],"pubsubTopic":"projects/blu-app-camara/topics/eventarc-nam5-ontrustedcontactwritten-598953-794","serviceAccountEmail":"1070248841383-compute@developer.gserviceaccount.com","retryPolicy":"RETRY_POLICY_DO_NOT_RETRY"},"state":"ACTIVE","updateTime":"2026-09-01T23:33:15.486789325Z","labels":{"deployment-tool":"cli-firebase","firebase-functions-hash":"b6f9b1103040f6e4f5260197515555a326069fb1"},"environment":"GEN_2","url":"https://us-central1-blu-app-camara.cloudfunctions.net/onTrustedContactWritten","createTime":"2026-06-19T17:15:16.026458121Z","satisfiesPzi":true},{"name":"projects/blu-app-camara/locations/us-central1/functions/notificarNovaDemandaGabineteFirestore","buildConfig":{"build":"projects/1070248841383/locations/us-central1/builds/27969b07-60fc-46b7-8750-55730af2308a","runtime":"nodejs22","entryPoint":"notificarNovaDemandaGabineteFirestore","source":{"storageSource":{"bucket":"gcf-v2-sources-1070248841383-us-central1","object":"notificarNovaDemandaGabineteFirestore/function-source.zip","generation":"1789672528600011"}},"environmentVariables":{"GOOGLE_NODE_RUN_SCRIPTS":""},"dockerRepository":"projects/blu-app-camara/locations/us-central1/repositories/gcf-artifacts","serviceAccount":"projects/blu-app-camara/serviceAccounts/1070248841383-compute@developer.gserviceaccount.com","automaticUpdatePolicy":{}},"serviceConfig":{"service":"projects/blu-app-camara/locations/us-central1/services/notificarnovademandagabinetefirestore","timeoutSeconds":60,"environmentVariables":{"GMAIL_EMAIL":"blutecnologiasbr@gmail.com","FIREBASE_CONFIG":"{\"projectId\":\"blu-app-camara\",\"databaseURL\":\"https://blu-app-camara-default-rtdb.firebaseio.com\",\"storageBucket\":\"blu-app-camara.firebasestorage.app\"}","GCLOUD_PROJECT":"blu-app-camara","EVENTARC_CLOUD_EVENT_SOURCE":"projects/blu-app-camara/locations/us-central1/services/notificarNovaDemandaGabineteFirestore","FUNCTION_SIGNATURE_TYPE":"cloudevent","FUNCTION_TARGET":"notificarNovaDemandaGabineteFirestore","LOG_EXECUTION_ID":"true"},"maxInstanceCount":3,"ingressSettings":"ALLOW_ALL","uri":"https://notificarnovademandagabinetefirestore-ncrh4bwrmq-uc.a.run.app","serviceAccountEmail":"1070248841383-compute@developer.gserviceaccount.com","availableMemory":"256Mi","allTrafficOnLatestRevision":true,"revision":"notificarnovademandagabinetefirestore-00002-deq","maxInstanceRequestConcurrency":80,"availableCpu":"1"},"eventTrigger":{"trigger":"projects/blu-app-camara/locations/nam5/triggers/notificarnovademandagabinetefirestore-926422","triggerRegion":"nam5","eventType":"google.cloud.firestore.document.v1.created","eventFilters":[{"attribute":"database","value":"(default)"},{"attribute":"namespace","value":"(default)"},{"attribute":"document","value":"solicitacoes-vereadores/{requestId}","operator":"match-path-pattern"}],"pubsubTopic":"projects/blu-app-camara/topics/eventarc-nam5-notificarnovademandagabinetefirestore-926422-140","serviceAccountEmail":"1070248841383-compute@developer.gserviceaccount.com","retryPolicy":"RETRY_POLICY_DO_NOT_RETRY"},"state":"ACTIVE","updateTime":"2026-09-17T19:15:41.582256153Z","labels":{"firebase-functions-hash":"b55280094db3eb2e6437c8e974a5ff850e64a123","deployment-tool":"cli-firebase"},"environment":"GEN_2","url":"https://us-central1-blu-app-camara.cloudfunctions.net/notificarNovaDemandaGabineteFirestore","createTime":"2026-09-17T13:27:39.455416273Z","satisfiesPzi":true},{"name":"projects/blu-app-camara/locations/us-central1/functions/getBalcaoPublicBalance","buildConfig":{"build":"projects/1070248841383/locations/us-central1/builds/27969b07-60fc-46b7-8750-55730af2308a","runtime":"nodejs22","entryPoint":"getBalcaoPublicBalance","source":{"storageSource":{"bucket":"gcf-v2-sources-1070248841383-us-central1","object":"getBalcaoPublicBalance/function-source.zip","generation":"1789672528465212"}},"environmentVariables":{"GOOGLE_NODE_RUN_SCRIPTS":""},"dockerRepository":"projects/blu-app-camara/locations/us-central1/repositories/gcf-artifacts","serviceAccount":"projects/blu-app-camara/serviceAccounts/1070248841383-compute@developer.gserviceaccount.com","automaticUpdatePolicy":{}},"serviceConfig":{"service":"projects/blu-app-camara/locations/us-central1/services/getbalcaopublicbalance","timeoutSeconds":60,"environmentVariables":{"GMAIL_EMAIL":"blutecnologiasbr@gmail.com","FIREBASE_CONFIG":"{\"projectId\":\"blu-app-camara\",\"databaseURL\":\"https://blu-app-camara-default-rtdb.firebaseio.com\",\"storageBucket\":\"blu-app-camara.firebasestorage.app\"}","GCLOUD_PROJECT":"blu-app-camara","EVENTARC_CLOUD_EVENT_SOURCE":"projects/blu-app-camara/locations/us-central1/services/getBalcaoPublicBalance","FUNCTION_TARGET":"getBalcaoPublicBalance","LOG_EXECUTION_ID":"true","FUNCTION_SIGNATURE_TYPE":"http"},"maxInstanceCount":3,"ingressSettings":"ALLOW_ALL","uri":"https://getbalcaopublicbalance-ncrh4bwrmq-uc.a.run.app","serviceAccountEmail":"1070248841383-compute@developer.gserviceaccount.com","availableMemory":"256Mi","allTrafficOnLatestRevision":true,"revision":"getbalcaopublicbalance-00007-vet","maxInstanceRequestConcurrency":80,"availableCpu":"1"},"state":"ACTIVE","updateTime":"2026-09-17T19:15:41.514820988Z","labels":{"deployment-tool":"cli-firebase","firebase-functions-hash":"b55280094db3eb2e6437c8e974a5ff850e64a123"},"environment":"GEN_2","url":"https://us-central1-blu-app-camara.cloudfunctions.net/getBalcaoPublicBalance","createTime":"2026-06-26T02:27:01.231214851Z","satisfiesPzi":true},{"name":"projects/blu-app-camara/locations/us-central1/functions/onOuvidoriaUpdate","buildConfig":{"build":"projects/1070248841383/locations/us-central1/builds/fbc0c542-b95c-4dcb-a764-e23a9cf01d5d","runtime":"nodejs20","entryPoint":"onOuvidoriaUpdate","source":{"storageSource":{"bucket":"gcf-v2-sources-1070248841383-us-central1","object":"onOuvidoriaUpdate/function-source.zip","generation":"1781732347364703"}},"environmentVariables":{"GOOGLE_NODE_RUN_SCRIPTS":""},"dockerRepository":"projects/blu-app-camara/locations/us-central1/repositories/gcf-artifacts","sourceProvenance":{"resolvedStorageSource":{"bucket":"gcf-v2-sources-1070248841383-us-central1","object":"onOuvidoriaUpdate/function-source.zip","generation":"1781732347364703"}},"dockerRegistry":"ARTIFACT_REGISTRY","serviceAccount":"projects/blu-app-camara/serviceAccounts/1070248841383-compute@developer.gserviceaccount.com","automaticUpdatePolicy":{}},"serviceConfig":{"service":"projects/blu-app-camara/locations/us-central1/services/onouvidoriaupdate","timeoutSeconds":60,"environmentVariables":{"GMAIL_EMAIL":"blutecnologiasbr@gmail.com","FIREBASE_CONFIG":"{\"projectId\":\"blu-app-camara\",\"databaseURL\":\"https://blu-app-camara-default-rtdb.firebaseio.com\",\"storageBucket\":\"blu-app-camara.firebasestorage.app\"}","GCLOUD_PROJECT":"blu-app-camara","EVENTARC_CLOUD_EVENT_SOURCE":"projects/blu-app-camara/locations/us-central1/services/onOuvidoriaUpdate","FUNCTION_SIGNATURE_TYPE":"cloudevent","FUNCTION_TARGET":"onOuvidoriaUpdate","LOG_EXECUTION_ID":"true"},"maxInstanceCount":3,"ingressSettings":"ALLOW_ALL","uri":"https://onouvidoriaupdate-ncrh4bwrmq-uc.a.run.app","serviceAccountEmail":"1070248841383-compute@developer.gserviceaccount.com","availableMemory":"256Mi","allTrafficOnLatestRevision":true,"revision":"onouvidoriaupdate-00003-vem","maxInstanceRequestConcurrency":80,"availableCpu":"1"},"eventTrigger":{"trigger":"projects/blu-app-camara/locations/nam5/triggers/onouvidoriaupdate-088206","triggerRegion":"nam5","eventType":"google.cloud.firestore.document.v1.updated","eventFilters":[{"attribute":"database","value":"(default)"},{"attribute":"namespace","value":"(default)"},{"attribute":"document","value":"ouvidoria/{id}","operator":"match-path-pattern"}],"pubsubTopic":"projects/blu-app-camara/topics/eventarc-nam5-onouvidoriaupdate-088206-209","serviceAccountEmail":"1070248841383-compute@developer.gserviceaccount.com","retryPolicy":"RETRY_POLICY_DO_NOT_RETRY"},"state":"ACTIVE","updateTime":"2026-09-01T23:33:15.568278161Z","labels":{"firebase-functions-hash":"6b7b19296bea8d211817f4bd2949e0e34b302099","deployment-tool":"cli-firebase"},"environment":"GEN_2","url":"https://us-central1-blu-app-camara.cloudfunctions.net/onOuvidoriaUpdate","createTime":"2026-06-04T15:11:30.901379215Z","satisfiesPzi":true},{"name":"projects/blu-app-camara/locations/us-central1/functions/createConferenceForRemoteSession","buildConfig":{"build":"projects/1070248841383/locations/us-central1/builds/27969b07-60fc-46b7-8750-55730af2308a","runtime":"nodejs22","entryPoint":"createConferenceForRemoteSession","source":{"storageSource":{"bucket":"gcf-v2-sources-1070248841383-us-central1","object":"createConferenceForRemoteSession/function-source.zip","generation":"1789672471123021"}},"environmentVariables":{"GOOGLE_NODE_RUN_SCRIPTS":""},"dockerRepository":"projects/blu-app-camara/locations/us-central1/repositories/gcf-artifacts","sourceProvenance":{"resolvedStorageSource":{"bucket":"gcf-v2-sources-1070248841383-us-central1","object":"createConferenceForRemoteSession/function-source.zip","generation":"1789672471123021"}},"dockerRegistry":"ARTIFACT_REGISTRY","serviceAccount":"projects/blu-app-camara/serviceAccounts/1070248841383-compute@developer.gserviceaccount.com","automaticUpdatePolicy":{}},"state":"FAILED","updateTime":"2026-09-17T19:16:31.167938093Z","labels":{"deployment-tool":"cli-firebase","firebase-functions-hash":"b55280094db3eb2e6437c8e974a5ff850e64a123"},"stateMessages":[{"severity":"ERROR","type":"CloudRunServiceNotFound","message":"Cloud Run service projects/blu-app-camara/locations/us-central1/services/createconferenceforremotesession for the function was not found. The function will not work correctly. Please redeploy."},{"severity":"ERROR","type":"EventarcTriggerNotFound","message":"Eventarc trigger projects/blu-app-camara/locations/nam5/triggers/createconferenceforremotesession-456564 for the function was not found. The function may not work correctly. Please redeploy."}],"environment":"GEN_2","url":"https://us-central1-blu-app-camara.cloudfunctions.net/createConferenceForRemoteSession","createTime":"2026-09-17T19:14:31.479762209Z","satisfiesPzi":true}]}
[debug] [2026-09-29T16:51:52.432Z] Checked if tokens are valid: true, expires at: 1790704291236
[debug] [2026-09-29T16:51:52.432Z] Checked if tokens are valid: true, expires at: 1790704291236
[debug] [2026-09-29T16:51:52.433Z] >>> [apiv2][query] GET https://firestore.googleapis.com/v1/projects/blu-app-camara/databases/(default) [none]
[debug] [2026-09-29T16:51:53.575Z] <<< [apiv2][status] GET https://firestore.googleapis.com/v1/projects/blu-app-camara/databases/(default) 200
[debug] [2026-09-29T16:51:53.575Z] <<< [apiv2][body] GET https://firestore.googleapis.com/v1/projects/blu-app-camara/databases/(default) {"name":"projects/blu-app-camara/databases/(default)","uid":"56e00535-249d-4643-827e-1afcc46720b2","createTime":"2026-04-17T22:00:45.386797Z","updateTime":"2026-04-17T22:00:45.386797Z","locationId":"nam5","type":"FIRESTORE_NATIVE","concurrencyMode":"PESSIMISTIC","versionRetentionPeriod":"3600s","earliestVersionTime":"2026-09-29T15:51:53.666604Z","appEngineIntegrationMode":"DISABLED","keyPrefix":"s","pointInTimeRecoveryEnablement":"POINT_IN_TIME_RECOVERY_DISABLED","deleteProtectionState":"DELETE_PROTECTION_DISABLED","databaseEdition":"STANDARD","freeTier":false,"realtimeUpdatesMode":"REALTIME_UPDATES_MODE_ENABLED","etag":"INvLv/+flJcDMK3wgqjx9ZMD"}
[info] i  functions: ensuring required API cloudscheduler.googleapis.com is enabled... 
[info] i  functions: ensuring required API run.googleapis.com is enabled... 
[info] i  functions: ensuring required API eventarc.googleapis.com is enabled... 
[info] i  functions: ensuring required API pubsub.googleapis.com is enabled... 
[info] i  functions: ensuring required API storage.googleapis.com is enabled... 
[info] i  functions: generating the service identity for pubsub.googleapis.com... 
[debug] [2026-09-29T16:51:53.578Z] Checked if tokens are valid: true, expires at: 1790704291236
[debug] [2026-09-29T16:51:53.578Z] Checked if tokens are valid: true, expires at: 1790704291236
[info] i  functions: generating the service identity for eventarc.googleapis.com... 
[debug] [2026-09-29T16:51:53.578Z] Checked if tokens are valid: true, expires at: 1790704291236
[debug] [2026-09-29T16:51:53.578Z] Checked if tokens are valid: true, expires at: 1790704291236
[debug] [2026-09-29T16:51:53.578Z] >>> [apiv2][query] POST https://serviceusage.googleapis.com/v1beta1/projects/1070248841383/services/pubsub.googleapis.com:generateServiceIdentity [none]
[debug] [2026-09-29T16:51:53.578Z] >>> [apiv2][(partial)header] POST https://serviceusage.googleapis.com/v1beta1/projects/1070248841383/services/pubsub.googleapis.com:generateServiceIdentity  x-goog-user-project=1070248841383
[debug] [2026-09-29T16:51:53.578Z] >>> [apiv2][body] POST https://serviceusage.googleapis.com/v1beta1/projects/1070248841383/services/pubsub.googleapis.com:generateServiceIdentity {}
[debug] [2026-09-29T16:51:53.579Z] >>> [apiv2][query] POST https://serviceusage.googleapis.com/v1beta1/projects/1070248841383/services/eventarc.googleapis.com:generateServiceIdentity [none]
[debug] [2026-09-29T16:51:53.579Z] >>> [apiv2][(partial)header] POST https://serviceusage.googleapis.com/v1beta1/projects/1070248841383/services/eventarc.googleapis.com:generateServiceIdentity  x-goog-user-project=1070248841383
[debug] [2026-09-29T16:51:53.579Z] >>> [apiv2][body] POST https://serviceusage.googleapis.com/v1beta1/projects/1070248841383/services/eventarc.googleapis.com:generateServiceIdentity {}
[debug] [2026-09-29T16:51:54.965Z] <<< [apiv2][status] POST https://serviceusage.googleapis.com/v1beta1/projects/1070248841383/services/eventarc.googleapis.com:generateServiceIdentity 200
[debug] [2026-09-29T16:51:54.965Z] <<< [apiv2][body] POST https://serviceusage.googleapis.com/v1beta1/projects/1070248841383/services/eventarc.googleapis.com:generateServiceIdentity {"name":"operations/finished.DONE_OPERATION","done":true,"response":{"@type":"type.googleapis.com/google.api.serviceusage.v1beta1.ServiceIdentity","email":"service-1070248841383@gcp-sa-eventarc.iam.gserviceaccount.com","uniqueId":"118197077118676892891"}}
[debug] [2026-09-29T16:51:54.965Z] <<< [apiv2][status] POST https://serviceusage.googleapis.com/v1beta1/projects/1070248841383/services/pubsub.googleapis.com:generateServiceIdentity 200
[debug] [2026-09-29T16:51:54.965Z] <<< [apiv2][body] POST https://serviceusage.googleapis.com/v1beta1/projects/1070248841383/services/pubsub.googleapis.com:generateServiceIdentity {"name":"operations/finished.DONE_OPERATION","done":true,"response":{"@type":"type.googleapis.com/google.api.serviceusage.v1beta1.ServiceIdentity","email":"service-1070248841383@gcp-sa-pubsub.iam.gserviceaccount.com","uniqueId":"109603220624712639847"}}
[info] i  functions: ensuring required API secretmanager.googleapis.com is enabled... 
[debug] [2026-09-29T16:51:54.967Z] Checked if tokens are valid: true, expires at: 1790704291236
[debug] [2026-09-29T16:51:54.967Z] Checked if tokens are valid: true, expires at: 1790704291236
[debug] [2026-09-29T16:51:54.967Z] >>> [apiv2][query] GET https://cloudresourcemanager.googleapis.com/v1/projects/blu-app-camara [none]
[debug] [2026-09-29T16:51:55.981Z] <<< [apiv2][status] GET https://cloudresourcemanager.googleapis.com/v1/projects/blu-app-camara 200
[debug] [2026-09-29T16:51:55.981Z] <<< [apiv2][body] GET https://cloudresourcemanager.googleapis.com/v1/projects/blu-app-camara {"projectNumber":"1070248841383","projectId":"blu-app-camara","lifecycleState":"ACTIVE","name":"blu-app-camara","labels":{"firebase":"enabled","firebase-core":"disabled"},"createTime":"2026-03-10T15:40:34.801998Z"}
[debug] [2026-09-29T16:51:55.981Z] Checked if tokens are valid: true, expires at: 1790704291236
[debug] [2026-09-29T16:51:55.981Z] Checked if tokens are valid: true, expires at: 1790704291236
[debug] [2026-09-29T16:51:55.981Z] >>> [apiv2][query] GET https://compute.googleapis.com/compute/v1/projects/1070248841383 [none]
[debug] [2026-09-29T16:51:56.634Z] <<< [apiv2][status] GET https://compute.googleapis.com/compute/v1/projects/1070248841383 200
[debug] [2026-09-29T16:51:56.634Z] <<< [apiv2][body] GET https://compute.googleapis.com/compute/v1/projects/1070248841383 {"kind":"compute#project","id":"2543279228251348756","creationTimestamp":"2026-06-03T14:51:55.263-07:00","name":"blu-app-camara","commonInstanceMetadata":{"kind":"compute#metadata","fingerprint":"Ils_mGH6Ve0="},"quotas":[{"metric":"SNAPSHOTS","limit":1000,"usage":0},{"metric":"NETWORKS","limit":5,"usage":1},{"metric":"FIREWALLS","limit":100,"usage":4},{"metric":"IMAGES","limit":100,"usage":0},{"metric":"STATIC_ADDRESSES","limit":8,"usage":0},{"metric":"ROUTES","limit":200,"usage":0},{"metric":"FORWARDING_RULES","limit":15,"usage":0},{"metric":"TARGET_POOLS","limit":50,"usage":0},{"metric":"HEALTH_CHECKS","limit":75,"usage":0},{"metric":"IN_USE_ADDRESSES","limit":4,"usage":0},{"metric":"TARGET_INSTANCES","limit":50,"usage":0},{"metric":"TARGET_HTTP_PROXIES","limit":10,"usage":0},{"metric":"URL_MAPS","limit":10,"usage":0},{"metric":"BACKEND_SERVICES","limit":50,"usage":0},{"metric":"INSTANCE_TEMPLATES","limit":100,"usage":0},{"metric":"TARGET_VPN_GATEWAYS","limit":5,"usage":0},{"metric":"VPN_TUNNELS","limit":10,"usage":0},{"metric":"BACKEND_BUCKETS","limit":3,"usage":0},{"metric":"ROUTERS","limit":10,"usage":0},{"metric":"TARGET_SSL_PROXIES","limit":10,"usage":0},{"metric":"TARGET_HTTPS_PROXIES","limit":10,"usage":0},{"metric":"SSL_CERTIFICATES","limit":10,"usage":0},{"metric":"SUBNETWORKS","limit":100,"usage":0},{"metric":"TARGET_TCP_PROXIES","limit":10,"usage":0},{"metric":"CPUS_ALL_REGIONS","limit":12,"usage":0},{"metric":"SECURITY_POLICIES","limit":0,"usage":0},{"metric":"SECURITY_POLICY_RULES","limit":0,"usage":0},{"metric":"XPN_SERVICE_PROJECTS","limit":1000,"usage":0},{"metric":"PACKET_MIRRORINGS","limit":20,"usage":0},{"metric":"NETWORK_ENDPOINT_GROUPS","limit":100,"usage":0},{"metric":"INTERCONNECTS","limit":6,"usage":0},{"metric":"SSL_POLICIES","limit":10,"usage":0},{"metric":"GLOBAL_INTERNAL_ADDRESSES","limit":5000,"usage":0},{"metric":"VPN_GATEWAYS","limit":5,"usage":0},{"metric":"MACHINE_IMAGES","limit":100,"usage":0},{"metric":"SECURITY_POLICY_CEVAL_RULES","limit":0,"usage":0},{"metric":"GPUS_ALL_REGIONS","limit":0,"usage":0},{"metric":"EXTERNAL_VPN_GATEWAYS","limit":5,"usage":0},{"metric":"PUBLIC_ADVERTISED_PREFIXES","limit":1,"usage":0},{"metric":"PUBLIC_DELEGATED_PREFIXES","limit":10,"usage":0},{"metric":"STATIC_BYOIP_ADDRESSES","limit":128,"usage":0},{"metric":"NETWORK_FIREWALL_POLICIES","limit":10,"usage":0},{"metric":"INTERNAL_TRAFFIC_DIRECTOR_FORWARDING_RULES","limit":15,"usage":0},{"metric":"GLOBAL_EXTERNAL_MANAGED_FORWARDING_RULES","limit":15,"usage":0},{"metric":"GLOBAL_INTERNAL_MANAGED_BACKEND_SERVICES","limit":50,"usage":0},{"metric":"GLOBAL_EXTERNAL_MANAGED_BACKEND_SERVICES","limit":50,"usage":0},{"metric":"GLOBAL_EXTERNAL_PROXY_LB_BACKEND_SERVICES","limit":50,"usage":0},{"metric":"GLOBAL_INTERNAL_TRAFFIC_DIRECTOR_BACKEND_SERVICES","limit":100,"usage":0}],"selfLink":"https://www.googleapis.com/compute/v1/projects/blu-app-camara","defaultServiceAccount":"1070248841383-compute@developer.gserviceaccount.com","xpnProjectStatus":"UNSPECIFIED_XPN_PROJECT_STATUS","defaultNetworkTier":"PREMIUM","vmDnsSetting":"ZONAL_ONLY","cloudArmorTier":"CA_STANDARD"}
[debug] [2026-09-29T16:51:56.637Z] Checked if tokens are valid: true, expires at: 1790704291236
[debug] [2026-09-29T16:51:56.637Z] Checked if tokens are valid: true, expires at: 1790704291236
[debug] [2026-09-29T16:51:56.637Z] >>> [apiv2][query] GET https://cloudbilling.googleapis.com/v1/projects/blu-app-camara/billingInfo [none]
[debug] [2026-09-29T16:51:58.045Z] <<< [apiv2][status] GET https://cloudbilling.googleapis.com/v1/projects/blu-app-camara/billingInfo 200
[debug] [2026-09-29T16:51:58.045Z] <<< [apiv2][body] GET https://cloudbilling.googleapis.com/v1/projects/blu-app-camara/billingInfo {"name":"projects/blu-app-camara/billingInfo","projectId":"blu-app-camara","billingAccountName":"billingAccounts/01CF6F-9F9D4A-92C875","billingEnabled":true}
[debug] [2026-09-29T16:51:58.046Z] Checked if tokens are valid: true, expires at: 1790704291236
[debug] [2026-09-29T16:51:58.047Z] Checked if tokens are valid: true, expires at: 1790704291236
[debug] [2026-09-29T16:51:58.047Z] >>> [apiv2][query] POST https://cloudfunctions.googleapis.com/v2/projects/blu-app-camara/locations/us-central1/functions:generateUploadUrl [none]
[debug] [2026-09-29T16:51:59.308Z] <<< [apiv2][status] POST https://cloudfunctions.googleapis.com/v2/projects/blu-app-camara/locations/us-central1/functions:generateUploadUrl 200
[debug] [2026-09-29T16:51:59.308Z] <<< [apiv2][body] POST https://cloudfunctions.googleapis.com/v2/projects/blu-app-camara/locations/us-central1/functions:generateUploadUrl {"uploadUrl":"https://storage.googleapis.com/gcf-v2-uploads-1070248841383.us-central1.cloudfunctions.appspot.com/4cf35a01-f73d-4797-a546-dbc5db7b3df1.zip?GoogleAccessId=service-1070248841383@gcf-admin-robot.iam.gserviceaccount.com&Expires=1790702519&Signature=BO%2FPTLJZYDp6c071WkpzqfJPx5hu1PyPkGLbwt9AUcMBHQaJ2rUo7H0u3hcmITpBPI0BCb1txbzl9sIn5PlibZupmb9mvLIyeAZP5CGR3gkMa6oBdvZaaRkfuIPCXBuGqQYejnt6qtLKy%2B2VGuJTwaWtZL3wYQaIbEf7z98Fy%2FgtWYXnGOmUzqD%2Bd6p8rffvuW9ROiXG3FAC9Z2%2F1FqtRGlQ6Y7IXabx7sEfd%2F1rFOwP1T19A0%2F64pT5%2Fr7c8%2F3hR3t7atRI4WcANt7J8Z3cVakXE6Kxm%2BlIh2mq%2BKd%2BEvJ%2BcS1CcPQaLsUP6SHtQllTOAykQO8qxPR1nBu8ONaIgw%3D%3D","storageSource":{"bucket":"gcf-v2-uploads-1070248841383.us-central1.cloudfunctions.appspot.com","object":"4cf35a01-f73d-4797-a546-dbc5db7b3df1.zip"}}
[debug] [2026-09-29T16:51:59.309Z] >>> [apiv2][query] PUT https://storage.googleapis.com/gcf-v2-uploads-1070248841383.us-central1.cloudfunctions.appspot.com/4cf35a01-f73d-4797-a546-dbc5db7b3df1.zip GoogleAccessId=service-1070248841383%40gcf-admin-robot.iam.gserviceaccount.com&Expires=1790702519&Signature=BO%2FPTLJZYDp6c071WkpzqfJPx5hu1PyPkGLbwt9AUcMBHQaJ2rUo7H0u3hcmITpBPI0BCb1txbzl9sIn5PlibZupmb9mvLIyeAZP5CGR3gkMa6oBdvZaaRkfuIPCXBuGqQYejnt6qtLKy%2B2VGuJTwaWtZL3wYQaIbEf7z98Fy%2FgtWYXnGOmUzqD%2Bd6p8rffvuW9ROiXG3FAC9Z2%2F1FqtRGlQ6Y7IXabx7sEfd%2F1rFOwP1T19A0%2F64pT5%2Fr7c8%2F3hR3t7atRI4WcANt7J8Z3cVakXE6Kxm%2BlIh2mq%2BKd%2BEvJ%2BcS1CcPQaLsUP6SHtQllTOAykQO8qxPR1nBu8ONaIgw%3D%3D
[debug] [2026-09-29T16:51:59.309Z] >>> [apiv2][body] PUT https://storage.googleapis.com/gcf-v2-uploads-1070248841383.us-central1.cloudfunctions.appspot.com/4cf35a01-f73d-4797-a546-dbc5db7b3df1.zip [stream]
[debug] [2026-09-29T16:52:00.084Z] <<< [apiv2][status] PUT https://storage.googleapis.com/gcf-v2-uploads-1070248841383.us-central1.cloudfunctions.appspot.com/4cf35a01-f73d-4797-a546-dbc5db7b3df1.zip 200
[debug] [2026-09-29T16:52:00.084Z] <<< [apiv2][body] PUT https://storage.googleapis.com/gcf-v2-uploads-1070248841383.us-central1.cloudfunctions.appspot.com/4cf35a01-f73d-4797-a546-dbc5db7b3df1.zip [omitted]
[info] ✔  functions: functions source uploaded successfully 
[info] i  functions: creating Node.js 22 (2nd Gen) function publicOuvidoriaLookup(us-central1)... 
[debug] [2026-09-29T16:52:00.087Z] Checked if tokens are valid: true, expires at: 1790704291236
[debug] [2026-09-29T16:52:00.087Z] Checked if tokens are valid: true, expires at: 1790704291236
[debug] [2026-09-29T16:52:00.087Z] >>> [apiv2][query] POST https://cloudfunctions.googleapis.com/v2/projects/blu-app-camara/locations/us-central1/functions functionId=publicOuvidoriaLookup
[debug] [2026-09-29T16:52:00.087Z] >>> [apiv2][body] POST https://cloudfunctions.googleapis.com/v2/projects/blu-app-camara/locations/us-central1/functions {"name":"projects/blu-app-camara/locations/us-central1/functions/publicOuvidoriaLookup","buildConfig":{"runtime":"nodejs22","entryPoint":"publicOuvidoriaLookup","source":{"storageSource":{"bucket":"gcf-v2-uploads-1070248841383.us-central1.cloudfunctions.appspot.com","object":"4cf35a01-f73d-4797-a546-dbc5db7b3df1.zip"}},"environmentVariables":{"GOOGLE_NODE_RUN_SCRIPTS":""}},"serviceConfig":{"environmentVariables":{"GMAIL_EMAIL":"blutecnologiasbr@gmail.com","FIREBASE_CONFIG":"{\"projectId\":\"blu-app-camara\",\"databaseURL\":\"https://blu-app-camara-default-rtdb.firebaseio.com\",\"storageBucket\":\"blu-app-camara.firebasestorage.app\"}","GCLOUD_PROJECT":"blu-app-camara","EVENTARC_CLOUD_EVENT_SOURCE":"projects/blu-app-camara/locations/us-central1/services/publicOuvidoriaLookup","FUNCTION_TARGET":"publicOuvidoriaLookup","LOG_EXECUTION_ID":"true"},"ingressSettings":null,"timeoutSeconds":null,"serviceAccountEmail":null,"availableMemory":"256Mi","minInstanceCount":null,"maxInstanceCount":10,"maxInstanceRequestConcurrency":80,"availableCpu":"1","vpcConnector":null,"vpcConnectorEgressSettings":null},"labels":{"deployment-tool":"cli-firebase","deployment-callable":"true","firebase-functions-hash":"8f6d2332d8ee2c6b076a63b94c42a53bf9c36383"}}
[debug] [2026-09-29T16:52:01.155Z] <<< [apiv2][status] POST https://cloudfunctions.googleapis.com/v2/projects/blu-app-camara/locations/us-central1/functions 200
[debug] [2026-09-29T16:52:01.155Z] <<< [apiv2][body] POST https://cloudfunctions.googleapis.com/v2/projects/blu-app-camara/locations/us-central1/functions {"name":"projects/blu-app-camara/locations/us-central1/operations/operation-1790700720446-65ca200575b59-429f7af3-e3a5491b","metadata":{"@type":"type.googleapis.com/google.cloud.functions.v2.OperationMetadata","createTime":"2026-09-29T16:52:01.163371030Z","target":"projects/blu-app-camara/locations/us-central1/functions/publicOuvidoriaLookup","verb":"create","cancelRequested":false,"apiVersion":"v2"},"done":false}
[debug] [2026-09-29T16:52:01.155Z] Checked if tokens are valid: true, expires at: 1790704291236
[debug] [2026-09-29T16:52:01.155Z] Checked if tokens are valid: true, expires at: 1790704291236
[debug] [2026-09-29T16:52:01.155Z] >>> [apiv2][query] GET https://cloudfunctions.googleapis.com/v2/projects/blu-app-camara/locations/us-central1/operations/operation-1790700720446-65ca200575b59-429f7af3-e3a5491b [none]
[debug] [2026-09-29T16:52:01.519Z] <<< [apiv2][status] GET https://cloudfunctions.googleapis.com/v2/projects/blu-app-camara/locations/us-central1/operations/operation-1790700720446-65ca200575b59-429f7af3-e3a5491b 200
[debug] [2026-09-29T16:52:01.520Z] <<< [apiv2][body] GET https://cloudfunctions.googleapis.com/v2/projects/blu-app-camara/locations/us-central1/operations/operation-1790700720446-65ca200575b59-429f7af3-e3a5491b {"name":"projects/blu-app-camara/locations/us-central1/operations/operation-1790700720446-65ca200575b59-429f7af3-e3a5491b","metadata":{"@type":"type.googleapis.com/google.cloud.functions.v2.OperationMetadata","createTime":"2026-09-29T16:52:01.163371030Z","target":"projects/blu-app-camara/locations/us-central1/functions/publicOuvidoriaLookup","verb":"create","cancelRequested":false,"apiVersion":"v2","requestResource":{"@type":"type.googleapis.com/google.cloud.functions.v2.Function","name":"projects/blu-app-camara/locations/us-central1/functions/publicOuvidoriaLookup","buildConfig":{"runtime":"nodejs22","entryPoint":"publicOuvidoriaLookup","source":{"storageSource":{"bucket":"gcf-v2-sources-1070248841383-us-central1","object":"publicOuvidoriaLookup/function-source.zip","generation":"1790700720750369"}},"environmentVariables":{"GOOGLE_NODE_RUN_SCRIPTS":""},"serviceAccount":"projects/blu-app-camara/serviceAccounts/1070248841383-compute@developer.gserviceaccount.com","automaticUpdatePolicy":{}},"serviceConfig":{"service":"projects/blu-app-camara/locations/us-central1/services/publicouvidorialookup","timeoutSeconds":60,"environmentVariables":{"GMAIL_EMAIL":"blutecnologiasbr@gmail.com","FIREBASE_CONFIG":"{\"projectId\":\"blu-app-camara\",\"databaseURL\":\"https://blu-app-camara-default-rtdb.firebaseio.com\",\"storageBucket\":\"blu-app-camara.firebasestorage.app\"}","GCLOUD_PROJECT":"blu-app-camara","EVENTARC_CLOUD_EVENT_SOURCE":"projects/blu-app-camara/locations/us-central1/services/publicOuvidoriaLookup","FUNCTION_TARGET":"publicOuvidoriaLookup","LOG_EXECUTION_ID":"true"},"maxInstanceCount":10,"ingressSettings":"ALLOW_ALL","serviceAccountEmail":"1070248841383-compute@developer.gserviceaccount.com","availableMemory":"256Mi","maxInstanceRequestConcurrency":80,"availableCpu":"1"},"labels":{"deployment-tool":"cli-firebase","deployment-callable":"true","firebase-functions-hash":"8f6d2332d8ee2c6b076a63b94c42a53bf9c36383"},"environment":"GEN_2"},"stages":[{"name":"BUILD","state":"NOT_STARTED"},{"name":"SERVICE","state":"NOT_STARTED"}],"operationType":"CREATE_FUNCTION"},"done":false}
[debug] [2026-09-29T16:52:02.021Z] [create-default-us-central1-publicOuvidoriaLookup] Retrying task index 0
[debug] [2026-09-29T16:52:02.022Z] Checked if tokens are valid: true, expires at: 1790704291236
[debug] [2026-09-29T16:52:02.022Z] Checked if tokens are valid: true, expires at: 1790704291236
[debug] [2026-09-29T16:52:02.022Z] >>> [apiv2][query] GET https://cloudfunctions.googleapis.com/v2/projects/blu-app-camara/locations/us-central1/operations/operation-1790700720446-65ca200575b59-429f7af3-e3a5491b [none]
[debug] [2026-09-29T16:52:03.052Z] <<< [apiv2][status] GET https://cloudfunctions.googleapis.com/v2/projects/blu-app-camara/locations/us-central1/operations/operation-1790700720446-65ca200575b59-429f7af3-e3a5491b 200
[debug] [2026-09-29T16:52:03.052Z] <<< [apiv2][body] GET https://cloudfunctions.googleapis.com/v2/projects/blu-app-camara/locations/us-central1/operations/operation-1790700720446-65ca200575b59-429f7af3-e3a5491b {"name":"projects/blu-app-camara/locations/us-central1/operations/operation-1790700720446-65ca200575b59-429f7af3-e3a5491b","metadata":{"@type":"type.googleapis.com/google.cloud.functions.v2.OperationMetadata","createTime":"2026-09-29T16:52:01.163371030Z","target":"projects/blu-app-camara/locations/us-central1/functions/publicOuvidoriaLookup","verb":"create","cancelRequested":false,"apiVersion":"v2","requestResource":{"@type":"type.googleapis.com/google.cloud.functions.v2.Function","name":"projects/blu-app-camara/locations/us-central1/functions/publicOuvidoriaLookup","buildConfig":{"runtime":"nodejs22","entryPoint":"publicOuvidoriaLookup","source":{"storageSource":{"bucket":"gcf-v2-sources-1070248841383-us-central1","object":"publicOuvidoriaLookup/function-source.zip","generation":"1790700720750369"}},"environmentVariables":{"GOOGLE_NODE_RUN_SCRIPTS":""},"serviceAccount":"projects/blu-app-camara/serviceAccounts/1070248841383-compute@developer.gserviceaccount.com","automaticUpdatePolicy":{}},"serviceConfig":{"service":"projects/blu-app-camara/locations/us-central1/services/publicouvidorialookup","timeoutSeconds":60,"environmentVariables":{"GMAIL_EMAIL":"blutecnologiasbr@gmail.com","FIREBASE_CONFIG":"{\"projectId\":\"blu-app-camara\",\"databaseURL\":\"https://blu-app-camara-default-rtdb.firebaseio.com\",\"storageBucket\":\"blu-app-camara.firebasestorage.app\"}","GCLOUD_PROJECT":"blu-app-camara","EVENTARC_CLOUD_EVENT_SOURCE":"projects/blu-app-camara/locations/us-central1/services/publicOuvidoriaLookup","FUNCTION_TARGET":"publicOuvidoriaLookup","LOG_EXECUTION_ID":"true"},"maxInstanceCount":10,"ingressSettings":"ALLOW_ALL","serviceAccountEmail":"1070248841383-compute@developer.gserviceaccount.com","availableMemory":"256Mi","maxInstanceRequestConcurrency":80,"availableCpu":"1"},"labels":{"deployment-tool":"cli-firebase","deployment-callable":"true","firebase-functions-hash":"8f6d2332d8ee2c6b076a63b94c42a53bf9c36383"},"environment":"GEN_2"},"stages":[{"name":"BUILD","message":"Build in progress","state":"IN_PROGRESS","resource":"projects/1070248841383/locations/us-central1/builds/56515a69-0f2f-41fc-b4ad-bd701b2ef3f0","resourceUri":"https://console.cloud.google.com/cloud-build/builds;region=us-central1/56515a69-0f2f-41fc-b4ad-bd701b2ef3f0?project=1070248841383"},{"name":"SERVICE","state":"NOT_STARTED"}],"operationType":"CREATE_FUNCTION","buildName":"projects/1070248841383/locations/us-central1/builds/56515a69-0f2f-41fc-b4ad-bd701b2ef3f0"},"done":false}
[debug] [2026-09-29T16:52:04.053Z] [create-default-us-central1-publicOuvidoriaLookup] Retrying task index 0
[debug] [2026-09-29T16:52:04.053Z] Checked if tokens are valid: true, expires at: 1790704291236
[debug] [2026-09-29T16:52:04.053Z] Checked if tokens are valid: true, expires at: 1790704291236
[debug] [2026-09-29T16:52:04.053Z] >>> [apiv2][query] GET https://cloudfunctions.googleapis.com/v2/projects/blu-app-camara/locations/us-central1/operations/operation-1790700720446-65ca200575b59-429f7af3-e3a5491b [none]
[debug] [2026-09-29T16:52:05.169Z] <<< [apiv2][status] GET https://cloudfunctions.googleapis.com/v2/projects/blu-app-camara/locations/us-central1/operations/operation-1790700720446-65ca200575b59-429f7af3-e3a5491b 200
[debug] [2026-09-29T16:52:05.170Z] <<< [apiv2][body] GET https://cloudfunctions.googleapis.com/v2/projects/blu-app-camara/locations/us-central1/operations/operation-1790700720446-65ca200575b59-429f7af3-e3a5491b {"name":"projects/blu-app-camara/locations/us-central1/operations/operation-1790700720446-65ca200575b59-429f7af3-e3a5491b","metadata":{"@type":"type.googleapis.com/google.cloud.functions.v2.OperationMetadata","createTime":"2026-09-29T16:52:01.163371030Z","target":"projects/blu-app-camara/locations/us-central1/functions/publicOuvidoriaLookup","verb":"create","cancelRequested":false,"apiVersion":"v2","requestResource":{"@type":"type.googleapis.com/google.cloud.functions.v2.Function","name":"projects/blu-app-camara/locations/us-central1/functions/publicOuvidoriaLookup","buildConfig":{"runtime":"nodejs22","entryPoint":"publicOuvidoriaLookup","source":{"storageSource":{"bucket":"gcf-v2-sources-1070248841383-us-central1","object":"publicOuvidoriaLookup/function-source.zip","generation":"1790700720750369"}},"environmentVariables":{"GOOGLE_NODE_RUN_SCRIPTS":""},"serviceAccount":"projects/blu-app-camara/serviceAccounts/1070248841383-compute@developer.gserviceaccount.com","automaticUpdatePolicy":{}},"serviceConfig":{"service":"projects/blu-app-camara/locations/us-central1/services/publicouvidorialookup","timeoutSeconds":60,"environmentVariables":{"GMAIL_EMAIL":"blutecnologiasbr@gmail.com","FIREBASE_CONFIG":"{\"projectId\":\"blu-app-camara\",\"databaseURL\":\"https://blu-app-camara-default-rtdb.firebaseio.com\",\"storageBucket\":\"blu-app-camara.firebasestorage.app\"}","GCLOUD_PROJECT":"blu-app-camara","EVENTARC_CLOUD_EVENT_SOURCE":"projects/blu-app-camara/locations/us-central1/services/publicOuvidoriaLookup","FUNCTION_TARGET":"publicOuvidoriaLookup","LOG_EXECUTION_ID":"true"},"maxInstanceCount":10,"ingressSettings":"ALLOW_ALL","serviceAccountEmail":"1070248841383-compute@developer.gserviceaccount.com","availableMemory":"256Mi","maxInstanceRequestConcurrency":80,"availableCpu":"1"},"labels":{"deployment-tool":"cli-firebase","deployment-callable":"true","firebase-functions-hash":"8f6d2332d8ee2c6b076a63b94c42a53bf9c36383"},"environment":"GEN_2"},"stages":[{"name":"BUILD","message":"Build in progress","state":"IN_PROGRESS","resource":"projects/1070248841383/locations/us-central1/builds/56515a69-0f2f-41fc-b4ad-bd701b2ef3f0","resourceUri":"https://console.cloud.google.com/cloud-build/builds;region=us-central1/56515a69-0f2f-41fc-b4ad-bd701b2ef3f0?project=1070248841383"},{"name":"SERVICE","state":"NOT_STARTED"}],"operationType":"CREATE_FUNCTION","buildName":"projects/1070248841383/locations/us-central1/builds/56515a69-0f2f-41fc-b4ad-bd701b2ef3f0"},"done":false}
[debug] [2026-09-29T16:52:07.171Z] [create-default-us-central1-publicOuvidoriaLookup] Retrying task index 0
[debug] [2026-09-29T16:52:07.171Z] Checked if tokens are valid: true, expires at: 1790704291236
[debug] [2026-09-29T16:52:07.171Z] Checked if tokens are valid: true, expires at: 1790704291236
[debug] [2026-09-29T16:52:07.171Z] >>> [apiv2][query] GET https://cloudfunctions.googleapis.com/v2/projects/blu-app-camara/locations/us-central1/operations/operation-1790700720446-65ca200575b59-429f7af3-e3a5491b [none]
[debug] [2026-09-29T16:52:07.559Z] <<< [apiv2][status] GET https://cloudfunctions.googleapis.com/v2/projects/blu-app-camara/locations/us-central1/operations/operation-1790700720446-65ca200575b59-429f7af3-e3a5491b 200
[debug] [2026-09-29T16:52:07.559Z] <<< [apiv2][body] GET https://cloudfunctions.googleapis.com/v2/projects/blu-app-camara/locations/us-central1/operations/operation-1790700720446-65ca200575b59-429f7af3-e3a5491b {"name":"projects/blu-app-camara/locations/us-central1/operations/operation-1790700720446-65ca200575b59-429f7af3-e3a5491b","metadata":{"@type":"type.googleapis.com/google.cloud.functions.v2.OperationMetadata","createTime":"2026-09-29T16:52:01.163371030Z","target":"projects/blu-app-camara/locations/us-central1/functions/publicOuvidoriaLookup","verb":"create","cancelRequested":false,"apiVersion":"v2","requestResource":{"@type":"type.googleapis.com/google.cloud.functions.v2.Function","name":"projects/blu-app-camara/locations/us-central1/functions/publicOuvidoriaLookup","buildConfig":{"runtime":"nodejs22","entryPoint":"publicOuvidoriaLookup","source":{"storageSource":{"bucket":"gcf-v2-sources-1070248841383-us-central1","object":"publicOuvidoriaLookup/function-source.zip","generation":"1790700720750369"}},"environmentVariables":{"GOOGLE_NODE_RUN_SCRIPTS":""},"serviceAccount":"projects/blu-app-camara/serviceAccounts/1070248841383-compute@developer.gserviceaccount.com","automaticUpdatePolicy":{}},"serviceConfig":{"service":"projects/blu-app-camara/locations/us-central1/services/publicouvidorialookup","timeoutSeconds":60,"environmentVariables":{"GMAIL_EMAIL":"blutecnologiasbr@gmail.com","FIREBASE_CONFIG":"{\"projectId\":\"blu-app-camara\",\"databaseURL\":\"https://blu-app-camara-default-rtdb.firebaseio.com\",\"storageBucket\":\"blu-app-camara.firebasestorage.app\"}","GCLOUD_PROJECT":"blu-app-camara","EVENTARC_CLOUD_EVENT_SOURCE":"projects/blu-app-camara/locations/us-central1/services/publicOuvidoriaLookup","FUNCTION_TARGET":"publicOuvidoriaLookup","LOG_EXECUTION_ID":"true"},"maxInstanceCount":10,"ingressSettings":"ALLOW_ALL","serviceAccountEmail":"1070248841383-compute@developer.gserviceaccount.com","availableMemory":"256Mi","maxInstanceRequestConcurrency":80,"availableCpu":"1"},"labels":{"deployment-tool":"cli-firebase","deployment-callable":"true","firebase-functions-hash":"8f6d2332d8ee2c6b076a63b94c42a53bf9c36383"},"environment":"GEN_2"},"stages":[{"name":"BUILD","message":"Build in progress","state":"IN_PROGRESS","resource":"projects/1070248841383/locations/us-central1/builds/56515a69-0f2f-41fc-b4ad-bd701b2ef3f0","resourceUri":"https://console.cloud.google.com/cloud-build/builds;region=us-central1/56515a69-0f2f-41fc-b4ad-bd701b2ef3f0?project=1070248841383"},{"name":"SERVICE","state":"NOT_STARTED"}],"operationType":"CREATE_FUNCTION","buildName":"projects/1070248841383/locations/us-central1/builds/56515a69-0f2f-41fc-b4ad-bd701b2ef3f0"},"done":false}
[debug] [2026-09-29T16:52:11.561Z] [create-default-us-central1-publicOuvidoriaLookup] Retrying task index 0
[debug] [2026-09-29T16:52:11.561Z] Checked if tokens are valid: true, expires at: 1790704291236
[debug] [2026-09-29T16:52:11.561Z] Checked if tokens are valid: true, expires at: 1790704291236
[debug] [2026-09-29T16:52:11.561Z] >>> [apiv2][query] GET https://cloudfunctions.googleapis.com/v2/projects/blu-app-camara/locations/us-central1/operations/operation-1790700720446-65ca200575b59-429f7af3-e3a5491b [none]
[debug] [2026-09-29T16:52:12.590Z] <<< [apiv2][status] GET https://cloudfunctions.googleapis.com/v2/projects/blu-app-camara/locations/us-central1/operations/operation-1790700720446-65ca200575b59-429f7af3-e3a5491b 200
[debug] [2026-09-29T16:52:12.590Z] <<< [apiv2][body] GET https://cloudfunctions.googleapis.com/v2/projects/blu-app-camara/locations/us-central1/operations/operation-1790700720446-65ca200575b59-429f7af3-e3a5491b {"name":"projects/blu-app-camara/locations/us-central1/operations/operation-1790700720446-65ca200575b59-429f7af3-e3a5491b","metadata":{"@type":"type.googleapis.com/google.cloud.functions.v2.OperationMetadata","createTime":"2026-09-29T16:52:01.163371030Z","target":"projects/blu-app-camara/locations/us-central1/functions/publicOuvidoriaLookup","verb":"create","cancelRequested":false,"apiVersion":"v2","requestResource":{"@type":"type.googleapis.com/google.cloud.functions.v2.Function","name":"projects/blu-app-camara/locations/us-central1/functions/publicOuvidoriaLookup","buildConfig":{"runtime":"nodejs22","entryPoint":"publicOuvidoriaLookup","source":{"storageSource":{"bucket":"gcf-v2-sources-1070248841383-us-central1","object":"publicOuvidoriaLookup/function-source.zip","generation":"1790700720750369"}},"environmentVariables":{"GOOGLE_NODE_RUN_SCRIPTS":""},"serviceAccount":"projects/blu-app-camara/serviceAccounts/1070248841383-compute@developer.gserviceaccount.com","automaticUpdatePolicy":{}},"serviceConfig":{"service":"projects/blu-app-camara/locations/us-central1/services/publicouvidorialookup","timeoutSeconds":60,"environmentVariables":{"GMAIL_EMAIL":"blutecnologiasbr@gmail.com","FIREBASE_CONFIG":"{\"projectId\":\"blu-app-camara\",\"databaseURL\":\"https://blu-app-camara-default-rtdb.firebaseio.com\",\"storageBucket\":\"blu-app-camara.firebasestorage.app\"}","GCLOUD_PROJECT":"blu-app-camara","EVENTARC_CLOUD_EVENT_SOURCE":"projects/blu-app-camara/locations/us-central1/services/publicOuvidoriaLookup","FUNCTION_TARGET":"publicOuvidoriaLookup","LOG_EXECUTION_ID":"true"},"maxInstanceCount":10,"ingressSettings":"ALLOW_ALL","serviceAccountEmail":"1070248841383-compute@developer.gserviceaccount.com","availableMemory":"256Mi","maxInstanceRequestConcurrency":80,"availableCpu":"1"},"labels":{"deployment-tool":"cli-firebase","deployment-callable":"true","firebase-functions-hash":"8f6d2332d8ee2c6b076a63b94c42a53bf9c36383"},"environment":"GEN_2"},"stages":[{"name":"BUILD","message":"Build in progress","state":"IN_PROGRESS","resource":"projects/1070248841383/locations/us-central1/builds/56515a69-0f2f-41fc-b4ad-bd701b2ef3f0","resourceUri":"https://console.cloud.google.com/cloud-build/builds;region=us-central1/56515a69-0f2f-41fc-b4ad-bd701b2ef3f0?project=1070248841383"},{"name":"SERVICE","state":"NOT_STARTED"}],"operationType":"CREATE_FUNCTION","buildName":"projects/1070248841383/locations/us-central1/builds/56515a69-0f2f-41fc-b4ad-bd701b2ef3f0"},"done":false}
[debug] [2026-09-29T16:52:20.591Z] [create-default-us-central1-publicOuvidoriaLookup] Retrying task index 0
[debug] [2026-09-29T16:52:20.592Z] Checked if tokens are valid: true, expires at: 1790704291236
[debug] [2026-09-29T16:52:20.595Z] Checked if tokens are valid: true, expires at: 1790704291236
[debug] [2026-09-29T16:52:20.595Z] >>> [apiv2][query] GET https://cloudfunctions.googleapis.com/v2/projects/blu-app-camara/locations/us-central1/operations/operation-1790700720446-65ca200575b59-429f7af3-e3a5491b [none]
[debug] [2026-09-29T16:52:21.793Z] <<< [apiv2][status] GET https://cloudfunctions.googleapis.com/v2/projects/blu-app-camara/locations/us-central1/operations/operation-1790700720446-65ca200575b59-429f7af3-e3a5491b 200
[debug] [2026-09-29T16:52:21.793Z] <<< [apiv2][body] GET https://cloudfunctions.googleapis.com/v2/projects/blu-app-camara/locations/us-central1/operations/operation-1790700720446-65ca200575b59-429f7af3-e3a5491b {"name":"projects/blu-app-camara/locations/us-central1/operations/operation-1790700720446-65ca200575b59-429f7af3-e3a5491b","metadata":{"@type":"type.googleapis.com/google.cloud.functions.v2.OperationMetadata","createTime":"2026-09-29T16:52:01.163371030Z","target":"projects/blu-app-camara/locations/us-central1/functions/publicOuvidoriaLookup","verb":"create","cancelRequested":false,"apiVersion":"v2","requestResource":{"@type":"type.googleapis.com/google.cloud.functions.v2.Function","name":"projects/blu-app-camara/locations/us-central1/functions/publicOuvidoriaLookup","buildConfig":{"runtime":"nodejs22","entryPoint":"publicOuvidoriaLookup","source":{"storageSource":{"bucket":"gcf-v2-sources-1070248841383-us-central1","object":"publicOuvidoriaLookup/function-source.zip","generation":"1790700720750369"}},"environmentVariables":{"GOOGLE_NODE_RUN_SCRIPTS":""},"serviceAccount":"projects/blu-app-camara/serviceAccounts/1070248841383-compute@developer.gserviceaccount.com","automaticUpdatePolicy":{}},"serviceConfig":{"service":"projects/blu-app-camara/locations/us-central1/services/publicouvidorialookup","timeoutSeconds":60,"environmentVariables":{"GMAIL_EMAIL":"blutecnologiasbr@gmail.com","FIREBASE_CONFIG":"{\"projectId\":\"blu-app-camara\",\"databaseURL\":\"https://blu-app-camara-default-rtdb.firebaseio.com\",\"storageBucket\":\"blu-app-camara.firebasestorage.app\"}","GCLOUD_PROJECT":"blu-app-camara","EVENTARC_CLOUD_EVENT_SOURCE":"projects/blu-app-camara/locations/us-central1/services/publicOuvidoriaLookup","FUNCTION_TARGET":"publicOuvidoriaLookup","LOG_EXECUTION_ID":"true"},"maxInstanceCount":10,"ingressSettings":"ALLOW_ALL","serviceAccountEmail":"1070248841383-compute@developer.gserviceaccount.com","availableMemory":"256Mi","maxInstanceRequestConcurrency":80,"availableCpu":"1"},"labels":{"deployment-tool":"cli-firebase","deployment-callable":"true","firebase-functions-hash":"8f6d2332d8ee2c6b076a63b94c42a53bf9c36383"},"environment":"GEN_2"},"stages":[{"name":"BUILD","message":"Build in progress","state":"IN_PROGRESS","resource":"projects/1070248841383/locations/us-central1/builds/56515a69-0f2f-41fc-b4ad-bd701b2ef3f0","resourceUri":"https://console.cloud.google.com/cloud-build/builds;region=us-central1/56515a69-0f2f-41fc-b4ad-bd701b2ef3f0?project=1070248841383"},{"name":"SERVICE","state":"NOT_STARTED"}],"operationType":"CREATE_FUNCTION","buildName":"projects/1070248841383/locations/us-central1/builds/56515a69-0f2f-41fc-b4ad-bd701b2ef3f0"},"done":false}
[debug] [2026-09-29T16:52:31.794Z] [create-default-us-central1-publicOuvidoriaLookup] Retrying task index 0
[debug] [2026-09-29T16:52:31.796Z] Checked if tokens are valid: true, expires at: 1790704291236
[debug] [2026-09-29T16:52:31.796Z] Checked if tokens are valid: true, expires at: 1790704291236
[debug] [2026-09-29T16:52:31.796Z] >>> [apiv2][query] GET https://cloudfunctions.googleapis.com/v2/projects/blu-app-camara/locations/us-central1/operations/operation-1790700720446-65ca200575b59-429f7af3-e3a5491b [none]
[debug] [2026-09-29T16:52:32.263Z] <<< [apiv2][status] GET https://cloudfunctions.googleapis.com/v2/projects/blu-app-camara/locations/us-central1/operations/operation-1790700720446-65ca200575b59-429f7af3-e3a5491b 200
[debug] [2026-09-29T16:52:32.264Z] <<< [apiv2][body] GET https://cloudfunctions.googleapis.com/v2/projects/blu-app-camara/locations/us-central1/operations/operation-1790700720446-65ca200575b59-429f7af3-e3a5491b {"name":"projects/blu-app-camara/locations/us-central1/operations/operation-1790700720446-65ca200575b59-429f7af3-e3a5491b","metadata":{"@type":"type.googleapis.com/google.cloud.functions.v2.OperationMetadata","createTime":"2026-09-29T16:52:01.163371030Z","target":"projects/blu-app-camara/locations/us-central1/functions/publicOuvidoriaLookup","verb":"create","cancelRequested":false,"apiVersion":"v2","requestResource":{"@type":"type.googleapis.com/google.cloud.functions.v2.Function","name":"projects/blu-app-camara/locations/us-central1/functions/publicOuvidoriaLookup","buildConfig":{"runtime":"nodejs22","entryPoint":"publicOuvidoriaLookup","source":{"storageSource":{"bucket":"gcf-v2-sources-1070248841383-us-central1","object":"publicOuvidoriaLookup/function-source.zip","generation":"1790700720750369"}},"environmentVariables":{"GOOGLE_NODE_RUN_SCRIPTS":""},"serviceAccount":"projects/blu-app-camara/serviceAccounts/1070248841383-compute@developer.gserviceaccount.com","automaticUpdatePolicy":{}},"serviceConfig":{"service":"projects/blu-app-camara/locations/us-central1/services/publicouvidorialookup","timeoutSeconds":60,"environmentVariables":{"GMAIL_EMAIL":"blutecnologiasbr@gmail.com","FIREBASE_CONFIG":"{\"projectId\":\"blu-app-camara\",\"databaseURL\":\"https://blu-app-camara-default-rtdb.firebaseio.com\",\"storageBucket\":\"blu-app-camara.firebasestorage.app\"}","GCLOUD_PROJECT":"blu-app-camara","EVENTARC_CLOUD_EVENT_SOURCE":"projects/blu-app-camara/locations/us-central1/services/publicOuvidoriaLookup","FUNCTION_TARGET":"publicOuvidoriaLookup","LOG_EXECUTION_ID":"true"},"maxInstanceCount":10,"ingressSettings":"ALLOW_ALL","serviceAccountEmail":"1070248841383-compute@developer.gserviceaccount.com","availableMemory":"256Mi","maxInstanceRequestConcurrency":80,"availableCpu":"1"},"labels":{"deployment-tool":"cli-firebase","deployment-callable":"true","firebase-functions-hash":"8f6d2332d8ee2c6b076a63b94c42a53bf9c36383"},"environment":"GEN_2"},"stages":[{"name":"BUILD","message":"Build in progress","state":"IN_PROGRESS","resource":"projects/1070248841383/locations/us-central1/builds/56515a69-0f2f-41fc-b4ad-bd701b2ef3f0","resourceUri":"https://console.cloud.google.com/cloud-build/builds;region=us-central1/56515a69-0f2f-41fc-b4ad-bd701b2ef3f0?project=1070248841383"},{"name":"SERVICE","state":"NOT_STARTED"}],"operationType":"CREATE_FUNCTION","buildName":"projects/1070248841383/locations/us-central1/builds/56515a69-0f2f-41fc-b4ad-bd701b2ef3f0"},"done":false}
[debug] [2026-09-29T16:52:42.266Z] [create-default-us-central1-publicOuvidoriaLookup] Retrying task index 0
[debug] [2026-09-29T16:52:42.267Z] Checked if tokens are valid: true, expires at: 1790704291236
[debug] [2026-09-29T16:52:42.267Z] Checked if tokens are valid: true, expires at: 1790704291236
[debug] [2026-09-29T16:52:42.267Z] >>> [apiv2][query] GET https://cloudfunctions.googleapis.com/v2/projects/blu-app-camara/locations/us-central1/operations/operation-1790700720446-65ca200575b59-429f7af3-e3a5491b [none]
[debug] [2026-09-29T16:52:43.457Z] <<< [apiv2][status] GET https://cloudfunctions.googleapis.com/v2/projects/blu-app-camara/locations/us-central1/operations/operation-1790700720446-65ca200575b59-429f7af3-e3a5491b 200
[debug] [2026-09-29T16:52:43.457Z] <<< [apiv2][body] GET https://cloudfunctions.googleapis.com/v2/projects/blu-app-camara/locations/us-central1/operations/operation-1790700720446-65ca200575b59-429f7af3-e3a5491b {"name":"projects/blu-app-camara/locations/us-central1/operations/operation-1790700720446-65ca200575b59-429f7af3-e3a5491b","metadata":{"@type":"type.googleapis.com/google.cloud.functions.v2.OperationMetadata","createTime":"2026-09-29T16:52:01.163371030Z","target":"projects/blu-app-camara/locations/us-central1/functions/publicOuvidoriaLookup","verb":"create","cancelRequested":false,"apiVersion":"v2","requestResource":{"@type":"type.googleapis.com/google.cloud.functions.v2.Function","name":"projects/blu-app-camara/locations/us-central1/functions/publicOuvidoriaLookup","buildConfig":{"runtime":"nodejs22","entryPoint":"publicOuvidoriaLookup","source":{"storageSource":{"bucket":"gcf-v2-sources-1070248841383-us-central1","object":"publicOuvidoriaLookup/function-source.zip","generation":"1790700720750369"}},"environmentVariables":{"GOOGLE_NODE_RUN_SCRIPTS":""},"serviceAccount":"projects/blu-app-camara/serviceAccounts/1070248841383-compute@developer.gserviceaccount.com","automaticUpdatePolicy":{}},"serviceConfig":{"service":"projects/blu-app-camara/locations/us-central1/services/publicouvidorialookup","timeoutSeconds":60,"environmentVariables":{"GMAIL_EMAIL":"blutecnologiasbr@gmail.com","FIREBASE_CONFIG":"{\"projectId\":\"blu-app-camara\",\"databaseURL\":\"https://blu-app-camara-default-rtdb.firebaseio.com\",\"storageBucket\":\"blu-app-camara.firebasestorage.app\"}","GCLOUD_PROJECT":"blu-app-camara","EVENTARC_CLOUD_EVENT_SOURCE":"projects/blu-app-camara/locations/us-central1/services/publicOuvidoriaLookup","FUNCTION_TARGET":"publicOuvidoriaLookup","LOG_EXECUTION_ID":"true"},"maxInstanceCount":10,"ingressSettings":"ALLOW_ALL","serviceAccountEmail":"1070248841383-compute@developer.gserviceaccount.com","availableMemory":"256Mi","maxInstanceRequestConcurrency":80,"availableCpu":"1"},"labels":{"deployment-tool":"cli-firebase","deployment-callable":"true","firebase-functions-hash":"8f6d2332d8ee2c6b076a63b94c42a53bf9c36383"},"environment":"GEN_2"},"stages":[{"name":"BUILD","message":"Build in progress","state":"IN_PROGRESS","resource":"projects/1070248841383/locations/us-central1/builds/56515a69-0f2f-41fc-b4ad-bd701b2ef3f0","resourceUri":"https://console.cloud.google.com/cloud-build/builds;region=us-central1/56515a69-0f2f-41fc-b4ad-bd701b2ef3f0?project=1070248841383"},{"name":"SERVICE","state":"NOT_STARTED"}],"operationType":"CREATE_FUNCTION","buildName":"projects/1070248841383/locations/us-central1/builds/56515a69-0f2f-41fc-b4ad-bd701b2ef3f0"},"done":false}
[debug] [2026-09-29T16:52:53.458Z] [create-default-us-central1-publicOuvidoriaLookup] Retrying task index 0
[debug] [2026-09-29T16:52:53.460Z] Checked if tokens are valid: true, expires at: 1790704291236
[debug] [2026-09-29T16:52:53.460Z] Checked if tokens are valid: true, expires at: 1790704291236
[debug] [2026-09-29T16:52:53.460Z] >>> [apiv2][query] GET https://cloudfunctions.googleapis.com/v2/projects/blu-app-camara/locations/us-central1/operations/operation-1790700720446-65ca200575b59-429f7af3-e3a5491b [none]
[debug] [2026-09-29T16:52:54.668Z] <<< [apiv2][status] GET https://cloudfunctions.googleapis.com/v2/projects/blu-app-camara/locations/us-central1/operations/operation-1790700720446-65ca200575b59-429f7af3-e3a5491b 200
[debug] [2026-09-29T16:52:54.668Z] <<< [apiv2][body] GET https://cloudfunctions.googleapis.com/v2/projects/blu-app-camara/locations/us-central1/operations/operation-1790700720446-65ca200575b59-429f7af3-e3a5491b {"name":"projects/blu-app-camara/locations/us-central1/operations/operation-1790700720446-65ca200575b59-429f7af3-e3a5491b","metadata":{"@type":"type.googleapis.com/google.cloud.functions.v2.OperationMetadata","createTime":"2026-09-29T16:52:01.163371030Z","target":"projects/blu-app-camara/locations/us-central1/functions/publicOuvidoriaLookup","verb":"create","cancelRequested":false,"apiVersion":"v2","requestResource":{"@type":"type.googleapis.com/google.cloud.functions.v2.Function","name":"projects/blu-app-camara/locations/us-central1/functions/publicOuvidoriaLookup","buildConfig":{"runtime":"nodejs22","entryPoint":"publicOuvidoriaLookup","source":{"storageSource":{"bucket":"gcf-v2-sources-1070248841383-us-central1","object":"publicOuvidoriaLookup/function-source.zip","generation":"1790700720750369"}},"environmentVariables":{"GOOGLE_NODE_RUN_SCRIPTS":""},"serviceAccount":"projects/blu-app-camara/serviceAccounts/1070248841383-compute@developer.gserviceaccount.com","automaticUpdatePolicy":{}},"serviceConfig":{"service":"projects/blu-app-camara/locations/us-central1/services/publicouvidorialookup","timeoutSeconds":60,"environmentVariables":{"GMAIL_EMAIL":"blutecnologiasbr@gmail.com","FIREBASE_CONFIG":"{\"projectId\":\"blu-app-camara\",\"databaseURL\":\"https://blu-app-camara-default-rtdb.firebaseio.com\",\"storageBucket\":\"blu-app-camara.firebasestorage.app\"}","GCLOUD_PROJECT":"blu-app-camara","EVENTARC_CLOUD_EVENT_SOURCE":"projects/blu-app-camara/locations/us-central1/services/publicOuvidoriaLookup","FUNCTION_TARGET":"publicOuvidoriaLookup","LOG_EXECUTION_ID":"true"},"maxInstanceCount":10,"ingressSettings":"ALLOW_ALL","serviceAccountEmail":"1070248841383-compute@developer.gserviceaccount.com","availableMemory":"256Mi","maxInstanceRequestConcurrency":80,"availableCpu":"1"},"labels":{"deployment-tool":"cli-firebase","deployment-callable":"true","firebase-functions-hash":"8f6d2332d8ee2c6b076a63b94c42a53bf9c36383"},"environment":"GEN_2"},"stages":[{"name":"BUILD","message":"Build finished","state":"COMPLETE","resource":"projects/1070248841383/locations/us-central1/builds/56515a69-0f2f-41fc-b4ad-bd701b2ef3f0","resourceUri":"https://console.cloud.google.com/cloud-build/builds;region=us-central1/56515a69-0f2f-41fc-b4ad-bd701b2ef3f0?project=1070248841383"},{"name":"SERVICE","message":"Creating Cloud Run service","state":"IN_PROGRESS","resource":"projects/blu-app-camara/locations/us-central1/services/publicouvidorialookup","resourceUri":"https://console.cloud.google.com/run/detail/us-central1/publicouvidorialookup?project=blu-app-camara"}],"sourceToken":"Clhwcm9qZWN0cy8xMDcwMjQ4ODQxMzgzL2xvY2F0aW9ucy91cy1jZW50cmFsMS9idWlsZHMvNTY1MTVhNjktMGYyZi00MWZjLWI0YWQtYmQ3MDFiMmVmM2YwEnl1cy1jZW50cmFsMS1kb2NrZXIucGtnLmRldi9ibHUtYXBwLWNhbWFyYS9nY2YtYXJ0aWZhY3RzL2JsdS0tYXBwLS1jYW1hcmFfX3VzLS1jZW50cmFsMV9fcHVibGljX291dmlkb3JpYV9sb29rdXA6dmVyc2lvbl8xGKehtf6SHyJNcHJvamVjdHMvYmx1LWFwcC1jYW1hcmEvbG9jYXRpb25zL3VzLWNlbnRyYWwxL2Z1bmN0aW9ucy9wdWJsaWNPdXZpZG9yaWFMb29rdXAqCwjk2e/VBhDQvYQ/Mghub2RlanMyMjp2CiNnY3IuaW8vZ2FlLXJ1bnRpbWVzL25vZGVqczIyOnN0YWJsZRJPdXMtY2VudHJhbDEtZG9ja2VyLnBrZy5kZXYvc2VydmVybGVzcy1ydW50aW1lcy9nb29nbGUtMjItZnVsbC9ydW50aW1lcy9ub2RlanMyMkAB","operationType":"CREATE_FUNCTION","buildName":"projects/1070248841383/locations/us-central1/builds/56515a69-0f2f-41fc-b4ad-bd701b2ef3f0"},"done":false}
[debug] [2026-09-29T16:52:54.668Z] Got source token Clhwcm9qZWN0cy8xMDcwMjQ4ODQxMzgzL2xvY2F0aW9ucy91cy1jZW50cmFsMS9idWlsZHMvNTY1MTVhNjktMGYyZi00MWZjLWI0YWQtYmQ3MDFiMmVmM2YwEnl1cy1jZW50cmFsMS1kb2NrZXIucGtnLmRldi9ibHUtYXBwLWNhbWFyYS9nY2YtYXJ0aWZhY3RzL2JsdS0tYXBwLS1jYW1hcmFfX3VzLS1jZW50cmFsMV9fcHVibGljX291dmlkb3JpYV9sb29rdXA6dmVyc2lvbl8xGKehtf6SHyJNcHJvamVjdHMvYmx1LWFwcC1jYW1hcmEvbG9jYXRpb25zL3VzLWNlbnRyYWwxL2Z1bmN0aW9ucy9wdWJsaWNPdXZpZG9yaWFMb29rdXAqCwjk2e/VBhDQvYQ/Mghub2RlanMyMjp2CiNnY3IuaW8vZ2FlLXJ1bnRpbWVzL25vZGVqczIyOnN0YWJsZRJPdXMtY2VudHJhbDEtZG9ja2VyLnBrZy5kZXYvc2VydmVybGVzcy1ydW50aW1lcy9nb29nbGUtMjItZnVsbC9ydW50aW1lcy9ub2RlanMyMkAB for region us-central1
[debug] [2026-09-29T16:53:04.671Z] [create-default-us-central1-publicOuvidoriaLookup] Retrying task index 0
[debug] [2026-09-29T16:53:04.672Z] Checked if tokens are valid: true, expires at: 1790704291236
[debug] [2026-09-29T16:53:04.672Z] Checked if tokens are valid: true, expires at: 1790704291236
[debug] [2026-09-29T16:53:04.672Z] >>> [apiv2][query] GET https://cloudfunctions.googleapis.com/v2/projects/blu-app-camara/locations/us-central1/operations/operation-1790700720446-65ca200575b59-429f7af3-e3a5491b [none]
[debug] [2026-09-29T16:53:06.038Z] <<< [apiv2][status] GET https://cloudfunctions.googleapis.com/v2/projects/blu-app-camara/locations/us-central1/operations/operation-1790700720446-65ca200575b59-429f7af3-e3a5491b 200
[debug] [2026-09-29T16:53:06.038Z] <<< [apiv2][body] GET https://cloudfunctions.googleapis.com/v2/projects/blu-app-camara/locations/us-central1/operations/operation-1790700720446-65ca200575b59-429f7af3-e3a5491b {"name":"projects/blu-app-camara/locations/us-central1/operations/operation-1790700720446-65ca200575b59-429f7af3-e3a5491b","metadata":{"@type":"type.googleapis.com/google.cloud.functions.v2.OperationMetadata","createTime":"2026-09-29T16:52:01.163371030Z","target":"projects/blu-app-camara/locations/us-central1/functions/publicOuvidoriaLookup","verb":"create","cancelRequested":false,"apiVersion":"v2","requestResource":{"@type":"type.googleapis.com/google.cloud.functions.v2.Function","name":"projects/blu-app-camara/locations/us-central1/functions/publicOuvidoriaLookup","buildConfig":{"runtime":"nodejs22","entryPoint":"publicOuvidoriaLookup","source":{"storageSource":{"bucket":"gcf-v2-sources-1070248841383-us-central1","object":"publicOuvidoriaLookup/function-source.zip","generation":"1790700720750369"}},"environmentVariables":{"GOOGLE_NODE_RUN_SCRIPTS":""},"serviceAccount":"projects/blu-app-camara/serviceAccounts/1070248841383-compute@developer.gserviceaccount.com","automaticUpdatePolicy":{}},"serviceConfig":{"service":"projects/blu-app-camara/locations/us-central1/services/publicouvidorialookup","timeoutSeconds":60,"environmentVariables":{"GMAIL_EMAIL":"blutecnologiasbr@gmail.com","FIREBASE_CONFIG":"{\"projectId\":\"blu-app-camara\",\"databaseURL\":\"https://blu-app-camara-default-rtdb.firebaseio.com\",\"storageBucket\":\"blu-app-camara.firebasestorage.app\"}","GCLOUD_PROJECT":"blu-app-camara","EVENTARC_CLOUD_EVENT_SOURCE":"projects/blu-app-camara/locations/us-central1/services/publicOuvidoriaLookup","FUNCTION_TARGET":"publicOuvidoriaLookup","LOG_EXECUTION_ID":"true"},"maxInstanceCount":10,"ingressSettings":"ALLOW_ALL","serviceAccountEmail":"1070248841383-compute@developer.gserviceaccount.com","availableMemory":"256Mi","maxInstanceRequestConcurrency":80,"availableCpu":"1"},"labels":{"deployment-tool":"cli-firebase","deployment-callable":"true","firebase-functions-hash":"8f6d2332d8ee2c6b076a63b94c42a53bf9c36383"},"environment":"GEN_2"},"stages":[{"name":"BUILD","message":"Build finished","state":"COMPLETE","resource":"projects/1070248841383/locations/us-central1/builds/56515a69-0f2f-41fc-b4ad-bd701b2ef3f0","resourceUri":"https://console.cloud.google.com/cloud-build/builds;region=us-central1/56515a69-0f2f-41fc-b4ad-bd701b2ef3f0?project=1070248841383"},{"name":"SERVICE","message":"Creating Cloud Run service","state":"IN_PROGRESS","resource":"projects/blu-app-camara/locations/us-central1/services/publicouvidorialookup","resourceUri":"https://console.cloud.google.com/run/detail/us-central1/publicouvidorialookup?project=blu-app-camara"}],"sourceToken":"Clhwcm9qZWN0cy8xMDcwMjQ4ODQxMzgzL2xvY2F0aW9ucy91cy1jZW50cmFsMS9idWlsZHMvNTY1MTVhNjktMGYyZi00MWZjLWI0YWQtYmQ3MDFiMmVmM2YwEnl1cy1jZW50cmFsMS1kb2NrZXIucGtnLmRldi9ibHUtYXBwLWNhbWFyYS9nY2YtYXJ0aWZhY3RzL2JsdS0tYXBwLS1jYW1hcmFfX3VzLS1jZW50cmFsMV9fcHVibGljX291dmlkb3JpYV9sb29rdXA6dmVyc2lvbl8xGKehtf6SHyJNcHJvamVjdHMvYmx1LWFwcC1jYW1hcmEvbG9jYXRpb25zL3VzLWNlbnRyYWwxL2Z1bmN0aW9ucy9wdWJsaWNPdXZpZG9yaWFMb29rdXAqCwjk2e/VBhDQvYQ/Mghub2RlanMyMjp2CiNnY3IuaW8vZ2FlLXJ1bnRpbWVzL25vZGVqczIyOnN0YWJsZRJPdXMtY2VudHJhbDEtZG9ja2VyLnBrZy5kZXYvc2VydmVybGVzcy1ydW50aW1lcy9nb29nbGUtMjItZnVsbC9ydW50aW1lcy9ub2RlanMyMkAB","operationType":"CREATE_FUNCTION","buildName":"projects/1070248841383/locations/us-central1/builds/56515a69-0f2f-41fc-b4ad-bd701b2ef3f0"},"done":false}
[debug] [2026-09-29T16:53:06.038Z] Got source token Clhwcm9qZWN0cy8xMDcwMjQ4ODQxMzgzL2xvY2F0aW9ucy91cy1jZW50cmFsMS9idWlsZHMvNTY1MTVhNjktMGYyZi00MWZjLWI0YWQtYmQ3MDFiMmVmM2YwEnl1cy1jZW50cmFsMS1kb2NrZXIucGtnLmRldi9ibHUtYXBwLWNhbWFyYS9nY2YtYXJ0aWZhY3RzL2JsdS0tYXBwLS1jYW1hcmFfX3VzLS1jZW50cmFsMV9fcHVibGljX291dmlkb3JpYV9sb29rdXA6dmVyc2lvbl8xGKehtf6SHyJNcHJvamVjdHMvYmx1LWFwcC1jYW1hcmEvbG9jYXRpb25zL3VzLWNlbnRyYWwxL2Z1bmN0aW9ucy9wdWJsaWNPdXZpZG9yaWFMb29rdXAqCwjk2e/VBhDQvYQ/Mghub2RlanMyMjp2CiNnY3IuaW8vZ2FlLXJ1bnRpbWVzL25vZGVqczIyOnN0YWJsZRJPdXMtY2VudHJhbDEtZG9ja2VyLnBrZy5kZXYvc2VydmVybGVzcy1ydW50aW1lcy9nb29nbGUtMjItZnVsbC9ydW50aW1lcy9ub2RlanMyMkAB for region us-central1
[debug] [2026-09-29T16:53:16.040Z] [create-default-us-central1-publicOuvidoriaLookup] Retrying task index 0
[debug] [2026-09-29T16:53:16.040Z] Checked if tokens are valid: true, expires at: 1790704291236
[debug] [2026-09-29T16:53:16.041Z] Checked if tokens are valid: true, expires at: 1790704291236
[debug] [2026-09-29T16:53:16.041Z] >>> [apiv2][query] GET https://cloudfunctions.googleapis.com/v2/projects/blu-app-camara/locations/us-central1/operations/operation-1790700720446-65ca200575b59-429f7af3-e3a5491b [none]
[debug] [2026-09-29T16:53:17.220Z] <<< [apiv2][status] GET https://cloudfunctions.googleapis.com/v2/projects/blu-app-camara/locations/us-central1/operations/operation-1790700720446-65ca200575b59-429f7af3-e3a5491b 200
[debug] [2026-09-29T16:53:17.220Z] <<< [apiv2][body] GET https://cloudfunctions.googleapis.com/v2/projects/blu-app-camara/locations/us-central1/operations/operation-1790700720446-65ca200575b59-429f7af3-e3a5491b {"name":"projects/blu-app-camara/locations/us-central1/operations/operation-1790700720446-65ca200575b59-429f7af3-e3a5491b","metadata":{"@type":"type.googleapis.com/google.cloud.functions.v2.OperationMetadata","createTime":"2026-09-29T16:52:01.163371030Z","target":"projects/blu-app-camara/locations/us-central1/functions/publicOuvidoriaLookup","verb":"create","cancelRequested":false,"apiVersion":"v2","requestResource":{"@type":"type.googleapis.com/google.cloud.functions.v2.Function","name":"projects/blu-app-camara/locations/us-central1/functions/publicOuvidoriaLookup","buildConfig":{"runtime":"nodejs22","entryPoint":"publicOuvidoriaLookup","source":{"storageSource":{"bucket":"gcf-v2-sources-1070248841383-us-central1","object":"publicOuvidoriaLookup/function-source.zip","generation":"1790700720750369"}},"environmentVariables":{"GOOGLE_NODE_RUN_SCRIPTS":""},"serviceAccount":"projects/blu-app-camara/serviceAccounts/1070248841383-compute@developer.gserviceaccount.com","automaticUpdatePolicy":{}},"serviceConfig":{"service":"projects/blu-app-camara/locations/us-central1/services/publicouvidorialookup","timeoutSeconds":60,"environmentVariables":{"GMAIL_EMAIL":"blutecnologiasbr@gmail.com","FIREBASE_CONFIG":"{\"projectId\":\"blu-app-camara\",\"databaseURL\":\"https://blu-app-camara-default-rtdb.firebaseio.com\",\"storageBucket\":\"blu-app-camara.firebasestorage.app\"}","GCLOUD_PROJECT":"blu-app-camara","EVENTARC_CLOUD_EVENT_SOURCE":"projects/blu-app-camara/locations/us-central1/services/publicOuvidoriaLookup","FUNCTION_TARGET":"publicOuvidoriaLookup","LOG_EXECUTION_ID":"true"},"maxInstanceCount":10,"ingressSettings":"ALLOW_ALL","serviceAccountEmail":"1070248841383-compute@developer.gserviceaccount.com","availableMemory":"256Mi","maxInstanceRequestConcurrency":80,"availableCpu":"1"},"labels":{"deployment-tool":"cli-firebase","deployment-callable":"true","firebase-functions-hash":"8f6d2332d8ee2c6b076a63b94c42a53bf9c36383"},"environment":"GEN_2"},"stages":[{"name":"BUILD","message":"Build finished","state":"COMPLETE","resource":"projects/1070248841383/locations/us-central1/builds/56515a69-0f2f-41fc-b4ad-bd701b2ef3f0","resourceUri":"https://console.cloud.google.com/cloud-build/builds;region=us-central1/56515a69-0f2f-41fc-b4ad-bd701b2ef3f0?project=1070248841383"},{"name":"SERVICE","message":"Creating Cloud Run service","state":"IN_PROGRESS","resource":"projects/blu-app-camara/locations/us-central1/services/publicouvidorialookup","resourceUri":"https://console.cloud.google.com/run/detail/us-central1/publicouvidorialookup?project=blu-app-camara"}],"sourceToken":"Clhwcm9qZWN0cy8xMDcwMjQ4ODQxMzgzL2xvY2F0aW9ucy91cy1jZW50cmFsMS9idWlsZHMvNTY1MTVhNjktMGYyZi00MWZjLWI0YWQtYmQ3MDFiMmVmM2YwEnl1cy1jZW50cmFsMS1kb2NrZXIucGtnLmRldi9ibHUtYXBwLWNhbWFyYS9nY2YtYXJ0aWZhY3RzL2JsdS0tYXBwLS1jYW1hcmFfX3VzLS1jZW50cmFsMV9fcHVibGljX291dmlkb3JpYV9sb29rdXA6dmVyc2lvbl8xGKehtf6SHyJNcHJvamVjdHMvYmx1LWFwcC1jYW1hcmEvbG9jYXRpb25zL3VzLWNlbnRyYWwxL2Z1bmN0aW9ucy9wdWJsaWNPdXZpZG9yaWFMb29rdXAqCwjk2e/VBhDQvYQ/Mghub2RlanMyMjp2CiNnY3IuaW8vZ2FlLXJ1bnRpbWVzL25vZGVqczIyOnN0YWJsZRJPdXMtY2VudHJhbDEtZG9ja2VyLnBrZy5kZXYvc2VydmVybGVzcy1ydW50aW1lcy9nb29nbGUtMjItZnVsbC9ydW50aW1lcy9ub2RlanMyMkAB","operationType":"CREATE_FUNCTION","buildName":"projects/1070248841383/locations/us-central1/builds/56515a69-0f2f-41fc-b4ad-bd701b2ef3f0"},"done":false}
[debug] [2026-09-29T16:53:17.220Z] Got source token Clhwcm9qZWN0cy8xMDcwMjQ4ODQxMzgzL2xvY2F0aW9ucy91cy1jZW50cmFsMS9idWlsZHMvNTY1MTVhNjktMGYyZi00MWZjLWI0YWQtYmQ3MDFiMmVmM2YwEnl1cy1jZW50cmFsMS1kb2NrZXIucGtnLmRldi9ibHUtYXBwLWNhbWFyYS9nY2YtYXJ0aWZhY3RzL2JsdS0tYXBwLS1jYW1hcmFfX3VzLS1jZW50cmFsMV9fcHVibGljX291dmlkb3JpYV9sb29rdXA6dmVyc2lvbl8xGKehtf6SHyJNcHJvamVjdHMvYmx1LWFwcC1jYW1hcmEvbG9jYXRpb25zL3VzLWNlbnRyYWwxL2Z1bmN0aW9ucy9wdWJsaWNPdXZpZG9yaWFMb29rdXAqCwjk2e/VBhDQvYQ/Mghub2RlanMyMjp2CiNnY3IuaW8vZ2FlLXJ1bnRpbWVzL25vZGVqczIyOnN0YWJsZRJPdXMtY2VudHJhbDEtZG9ja2VyLnBrZy5kZXYvc2VydmVybGVzcy1ydW50aW1lcy9nb29nbGUtMjItZnVsbC9ydW50aW1lcy9ub2RlanMyMkAB for region us-central1
[debug] [2026-09-29T16:53:27.221Z] [create-default-us-central1-publicOuvidoriaLookup] Retrying task index 0
[debug] [2026-09-29T16:53:27.223Z] Checked if tokens are valid: true, expires at: 1790704291236
[debug] [2026-09-29T16:53:27.223Z] Checked if tokens are valid: true, expires at: 1790704291236
[debug] [2026-09-29T16:53:27.223Z] >>> [apiv2][query] GET https://cloudfunctions.googleapis.com/v2/projects/blu-app-camara/locations/us-central1/operations/operation-1790700720446-65ca200575b59-429f7af3-e3a5491b [none]
[debug] [2026-09-29T16:53:28.464Z] <<< [apiv2][status] GET https://cloudfunctions.googleapis.com/v2/projects/blu-app-camara/locations/us-central1/operations/operation-1790700720446-65ca200575b59-429f7af3-e3a5491b 200
[debug] [2026-09-29T16:53:28.465Z] <<< [apiv2][body] GET https://cloudfunctions.googleapis.com/v2/projects/blu-app-camara/locations/us-central1/operations/operation-1790700720446-65ca200575b59-429f7af3-e3a5491b {"name":"projects/blu-app-camara/locations/us-central1/operations/operation-1790700720446-65ca200575b59-429f7af3-e3a5491b","metadata":{"@type":"type.googleapis.com/google.cloud.functions.v2.OperationMetadata","createTime":"2026-09-29T16:52:01.163371030Z","target":"projects/blu-app-camara/locations/us-central1/functions/publicOuvidoriaLookup","verb":"create","cancelRequested":false,"apiVersion":"v2","requestResource":{"@type":"type.googleapis.com/google.cloud.functions.v2.Function","name":"projects/blu-app-camara/locations/us-central1/functions/publicOuvidoriaLookup","buildConfig":{"runtime":"nodejs22","entryPoint":"publicOuvidoriaLookup","source":{"storageSource":{"bucket":"gcf-v2-sources-1070248841383-us-central1","object":"publicOuvidoriaLookup/function-source.zip","generation":"1790700720750369"}},"environmentVariables":{"GOOGLE_NODE_RUN_SCRIPTS":""},"serviceAccount":"projects/blu-app-camara/serviceAccounts/1070248841383-compute@developer.gserviceaccount.com","automaticUpdatePolicy":{}},"serviceConfig":{"service":"projects/blu-app-camara/locations/us-central1/services/publicouvidorialookup","timeoutSeconds":60,"environmentVariables":{"GMAIL_EMAIL":"blutecnologiasbr@gmail.com","FIREBASE_CONFIG":"{\"projectId\":\"blu-app-camara\",\"databaseURL\":\"https://blu-app-camara-default-rtdb.firebaseio.com\",\"storageBucket\":\"blu-app-camara.firebasestorage.app\"}","GCLOUD_PROJECT":"blu-app-camara","EVENTARC_CLOUD_EVENT_SOURCE":"projects/blu-app-camara/locations/us-central1/services/publicOuvidoriaLookup","FUNCTION_TARGET":"publicOuvidoriaLookup","LOG_EXECUTION_ID":"true"},"maxInstanceCount":10,"ingressSettings":"ALLOW_ALL","serviceAccountEmail":"1070248841383-compute@developer.gserviceaccount.com","availableMemory":"256Mi","maxInstanceRequestConcurrency":80,"availableCpu":"1"},"labels":{"deployment-tool":"cli-firebase","deployment-callable":"true","firebase-functions-hash":"8f6d2332d8ee2c6b076a63b94c42a53bf9c36383"},"environment":"GEN_2"},"stages":[{"name":"BUILD","message":"Build finished","state":"COMPLETE","resource":"projects/1070248841383/locations/us-central1/builds/56515a69-0f2f-41fc-b4ad-bd701b2ef3f0","resourceUri":"https://console.cloud.google.com/cloud-build/builds;region=us-central1/56515a69-0f2f-41fc-b4ad-bd701b2ef3f0?project=1070248841383"},{"name":"SERVICE","message":"Creating Cloud Run service","state":"IN_PROGRESS","resource":"projects/blu-app-camara/locations/us-central1/services/publicouvidorialookup","resourceUri":"https://console.cloud.google.com/run/detail/us-central1/publicouvidorialookup?project=blu-app-camara"}],"sourceToken":"Clhwcm9qZWN0cy8xMDcwMjQ4ODQxMzgzL2xvY2F0aW9ucy91cy1jZW50cmFsMS9idWlsZHMvNTY1MTVhNjktMGYyZi00MWZjLWI0YWQtYmQ3MDFiMmVmM2YwEnl1cy1jZW50cmFsMS1kb2NrZXIucGtnLmRldi9ibHUtYXBwLWNhbWFyYS9nY2YtYXJ0aWZhY3RzL2JsdS0tYXBwLS1jYW1hcmFfX3VzLS1jZW50cmFsMV9fcHVibGljX291dmlkb3JpYV9sb29rdXA6dmVyc2lvbl8xGKehtf6SHyJNcHJvamVjdHMvYmx1LWFwcC1jYW1hcmEvbG9jYXRpb25zL3VzLWNlbnRyYWwxL2Z1bmN0aW9ucy9wdWJsaWNPdXZpZG9yaWFMb29rdXAqCwjk2e/VBhDQvYQ/Mghub2RlanMyMjp2CiNnY3IuaW8vZ2FlLXJ1bnRpbWVzL25vZGVqczIyOnN0YWJsZRJPdXMtY2VudHJhbDEtZG9ja2VyLnBrZy5kZXYvc2VydmVybGVzcy1ydW50aW1lcy9nb29nbGUtMjItZnVsbC9ydW50aW1lcy9ub2RlanMyMkAB","operationType":"CREATE_FUNCTION","buildName":"projects/1070248841383/locations/us-central1/builds/56515a69-0f2f-41fc-b4ad-bd701b2ef3f0"},"done":false}
[debug] [2026-09-29T16:53:28.465Z] Got source token Clhwcm9qZWN0cy8xMDcwMjQ4ODQxMzgzL2xvY2F0aW9ucy91cy1jZW50cmFsMS9idWlsZHMvNTY1MTVhNjktMGYyZi00MWZjLWI0YWQtYmQ3MDFiMmVmM2YwEnl1cy1jZW50cmFsMS1kb2NrZXIucGtnLmRldi9ibHUtYXBwLWNhbWFyYS9nY2YtYXJ0aWZhY3RzL2JsdS0tYXBwLS1jYW1hcmFfX3VzLS1jZW50cmFsMV9fcHVibGljX291dmlkb3JpYV9sb29rdXA6dmVyc2lvbl8xGKehtf6SHyJNcHJvamVjdHMvYmx1LWFwcC1jYW1hcmEvbG9jYXRpb25zL3VzLWNlbnRyYWwxL2Z1bmN0aW9ucy9wdWJsaWNPdXZpZG9yaWFMb29rdXAqCwjk2e/VBhDQvYQ/Mghub2RlanMyMjp2CiNnY3IuaW8vZ2FlLXJ1bnRpbWVzL25vZGVqczIyOnN0YWJsZRJPdXMtY2VudHJhbDEtZG9ja2VyLnBrZy5kZXYvc2VydmVybGVzcy1ydW50aW1lcy9nb29nbGUtMjItZnVsbC9ydW50aW1lcy9ub2RlanMyMkAB for region us-central1
[debug] [2026-09-29T16:53:38.467Z] [create-default-us-central1-publicOuvidoriaLookup] Retrying task index 0
[debug] [2026-09-29T16:53:38.468Z] Checked if tokens are valid: true, expires at: 1790704291236
[debug] [2026-09-29T16:53:38.468Z] Checked if tokens are valid: true, expires at: 1790704291236
[debug] [2026-09-29T16:53:38.468Z] >>> [apiv2][query] GET https://cloudfunctions.googleapis.com/v2/projects/blu-app-camara/locations/us-central1/operations/operation-1790700720446-65ca200575b59-429f7af3-e3a5491b [none]
[debug] [2026-09-29T16:53:39.833Z] <<< [apiv2][status] GET https://cloudfunctions.googleapis.com/v2/projects/blu-app-camara/locations/us-central1/operations/operation-1790700720446-65ca200575b59-429f7af3-e3a5491b 200
[debug] [2026-09-29T16:53:39.833Z] <<< [apiv2][body] GET https://cloudfunctions.googleapis.com/v2/projects/blu-app-camara/locations/us-central1/operations/operation-1790700720446-65ca200575b59-429f7af3-e3a5491b {"name":"projects/blu-app-camara/locations/us-central1/operations/operation-1790700720446-65ca200575b59-429f7af3-e3a5491b","metadata":{"@type":"type.googleapis.com/google.cloud.functions.v2.OperationMetadata","createTime":"2026-09-29T16:52:01.163371030Z","target":"projects/blu-app-camara/locations/us-central1/functions/publicOuvidoriaLookup","verb":"create","cancelRequested":false,"apiVersion":"v2","requestResource":{"@type":"type.googleapis.com/google.cloud.functions.v2.Function","name":"projects/blu-app-camara/locations/us-central1/functions/publicOuvidoriaLookup","buildConfig":{"runtime":"nodejs22","entryPoint":"publicOuvidoriaLookup","source":{"storageSource":{"bucket":"gcf-v2-sources-1070248841383-us-central1","object":"publicOuvidoriaLookup/function-source.zip","generation":"1790700720750369"}},"environmentVariables":{"GOOGLE_NODE_RUN_SCRIPTS":""},"serviceAccount":"projects/blu-app-camara/serviceAccounts/1070248841383-compute@developer.gserviceaccount.com","automaticUpdatePolicy":{}},"serviceConfig":{"service":"projects/blu-app-camara/locations/us-central1/services/publicouvidorialookup","timeoutSeconds":60,"environmentVariables":{"GMAIL_EMAIL":"blutecnologiasbr@gmail.com","FIREBASE_CONFIG":"{\"projectId\":\"blu-app-camara\",\"databaseURL\":\"https://blu-app-camara-default-rtdb.firebaseio.com\",\"storageBucket\":\"blu-app-camara.firebasestorage.app\"}","GCLOUD_PROJECT":"blu-app-camara","EVENTARC_CLOUD_EVENT_SOURCE":"projects/blu-app-camara/locations/us-central1/services/publicOuvidoriaLookup","FUNCTION_TARGET":"publicOuvidoriaLookup","LOG_EXECUTION_ID":"true"},"maxInstanceCount":10,"ingressSettings":"ALLOW_ALL","serviceAccountEmail":"1070248841383-compute@developer.gserviceaccount.com","availableMemory":"256Mi","maxInstanceRequestConcurrency":80,"availableCpu":"1"},"labels":{"deployment-tool":"cli-firebase","deployment-callable":"true","firebase-functions-hash":"8f6d2332d8ee2c6b076a63b94c42a53bf9c36383"},"environment":"GEN_2"},"stages":[{"name":"BUILD","message":"Build finished","state":"COMPLETE","resource":"projects/1070248841383/locations/us-central1/builds/56515a69-0f2f-41fc-b4ad-bd701b2ef3f0","resourceUri":"https://console.cloud.google.com/cloud-build/builds;region=us-central1/56515a69-0f2f-41fc-b4ad-bd701b2ef3f0?project=1070248841383"},{"name":"SERVICE","message":"Creating Cloud Run service","state":"IN_PROGRESS","resource":"projects/blu-app-camara/locations/us-central1/services/publicouvidorialookup","resourceUri":"https://console.cloud.google.com/run/detail/us-central1/publicouvidorialookup?project=blu-app-camara"}],"sourceToken":"Clhwcm9qZWN0cy8xMDcwMjQ4ODQxMzgzL2xvY2F0aW9ucy91cy1jZW50cmFsMS9idWlsZHMvNTY1MTVhNjktMGYyZi00MWZjLWI0YWQtYmQ3MDFiMmVmM2YwEnl1cy1jZW50cmFsMS1kb2NrZXIucGtnLmRldi9ibHUtYXBwLWNhbWFyYS9nY2YtYXJ0aWZhY3RzL2JsdS0tYXBwLS1jYW1hcmFfX3VzLS1jZW50cmFsMV9fcHVibGljX291dmlkb3JpYV9sb29rdXA6dmVyc2lvbl8xGKehtf6SHyJNcHJvamVjdHMvYmx1LWFwcC1jYW1hcmEvbG9jYXRpb25zL3VzLWNlbnRyYWwxL2Z1bmN0aW9ucy9wdWJsaWNPdXZpZG9yaWFMb29rdXAqCwjk2e/VBhDQvYQ/Mghub2RlanMyMjp2CiNnY3IuaW8vZ2FlLXJ1bnRpbWVzL25vZGVqczIyOnN0YWJsZRJPdXMtY2VudHJhbDEtZG9ja2VyLnBrZy5kZXYvc2VydmVybGVzcy1ydW50aW1lcy9nb29nbGUtMjItZnVsbC9ydW50aW1lcy9ub2RlanMyMkAB","operationType":"CREATE_FUNCTION","buildName":"projects/1070248841383/locations/us-central1/builds/56515a69-0f2f-41fc-b4ad-bd701b2ef3f0"},"done":false}
[debug] [2026-09-29T16:53:39.833Z] Got source token Clhwcm9qZWN0cy8xMDcwMjQ4ODQxMzgzL2xvY2F0aW9ucy91cy1jZW50cmFsMS9idWlsZHMvNTY1MTVhNjktMGYyZi00MWZjLWI0YWQtYmQ3MDFiMmVmM2YwEnl1cy1jZW50cmFsMS1kb2NrZXIucGtnLmRldi9ibHUtYXBwLWNhbWFyYS9nY2YtYXJ0aWZhY3RzL2JsdS0tYXBwLS1jYW1hcmFfX3VzLS1jZW50cmFsMV9fcHVibGljX291dmlkb3JpYV9sb29rdXA6dmVyc2lvbl8xGKehtf6SHyJNcHJvamVjdHMvYmx1LWFwcC1jYW1hcmEvbG9jYXRpb25zL3VzLWNlbnRyYWwxL2Z1bmN0aW9ucy9wdWJsaWNPdXZpZG9yaWFMb29rdXAqCwjk2e/VBhDQvYQ/Mghub2RlanMyMjp2CiNnY3IuaW8vZ2FlLXJ1bnRpbWVzL25vZGVqczIyOnN0YWJsZRJPdXMtY2VudHJhbDEtZG9ja2VyLnBrZy5kZXYvc2VydmVybGVzcy1ydW50aW1lcy9nb29nbGUtMjItZnVsbC9ydW50aW1lcy9ub2RlanMyMkAB for region us-central1
